MMS Id,Normalized Call Number,Library Name,Location Name,Permanent Call Number,Title,Description,Base Status,Barcode,Scanned Barcode,Notes/Comments,Staff Review - further notes,Retention Commitment
996586420101921,"0ds""101 k38",Main Library,Stacks,DS101 .K38,á¸²atedrah be-toldot Erets-YiÅ›rael á¹¿e-yishuvah.,index:no.21-40(1981-1986:Oct.-Aug.),Item in place,B48164,39097008400815,,,
994882930101921,0ds!67 a55 + 0,Main Library,Stacks,+ DS67 .A55,Akkadica.,v.141:no.1(2020),Item in place,B2197414,39097014555172,,,
995291640101921,"0ds""201 a7 + 0",Main Library,Stacks,+ DS201 .A7,Aramco world magazine.,v.1-7 (1949-1955),Item in place,B2051604,39097014562004,,,"v.24(1973)-v.38(1987), v.33,v.37 unbound with gaps committed to retain 20160630 20310630 EAST http://eastlibraries.org/retained-materials MWaIB"
994587560101921,0pj 5 a72 + 0,Main Library,Stacks,+ PJ5 .A72,Archiv fÃ¼r Orientforschung.,v.1(1923),Item in place,0123501476394,39097014555206,,,
994587560101921,0pj 5 a72 + 0,Main Library,Stacks,+ PJ5 .A72,Archiv fÃ¼r Orientforschung.,v.10(1935-1936),Item in place,0123501476485,39097014555214,,,
994587560101921,0pj 5 a72 + 0,Main Library,Stacks,+ PJ5 .A72,Archiv fÃ¼r Orientforschung.,v.11(1936-1937),Item in place,0123501476493,39097014555222,,,
994587560101921,0pj 5 a72 + 0,Main Library,Stacks,+ PJ5 .A72,Archiv fÃ¼r Orientforschung.,v.12(1937-1939),Item in place,0123501476501,39097014555230,,,
994587560101921,0pj 5 a72 + 0,Main Library,Stacks,+ PJ5 .A72,Archiv fÃ¼r Orientforschung.,v.13(1938-1941),Item in place,0123501476519,39097014555248,,,
994587560101921,0pj 5 a72 + 0,Main Library,Stacks,+ PJ5 .A72,Archiv fÃ¼r Orientforschung.,v.14(1941-1944),Item in place,0123501476527,39097014555255,,,
994587560101921,0pj 5 a72 + 0,Main Library,Stacks,+ PJ5 .A72,Archiv fÃ¼r Orientforschung.,v.15(1945-1951),Item in place,0123501476535,39097014555263,,,
994587560101921,0pj 5 a72 + 0,Main Library,Stacks,+ PJ5 .A72,Archiv fÃ¼r Orientforschung.,v.16(1952-1953),Item in place,0123501476543,39097014555271,,,
994587560101921,0pj 5 a72 + 0,Main Library,Stacks,+ PJ5 .A72,Archiv fÃ¼r Orientforschung.,v.17(1954-1956),Item in place,0123501476550,39097014555289,,,
994587560101921,0pj 5 a72 + 0,Main Library,Stacks,+ PJ5 .A72,Archiv fÃ¼r Orientforschung.,v.18(1957-1958),Item in place,0123501476568,39097014555297,,,
994587560101921,0pj 5 a72 + 0,Main Library,Stacks,+ PJ5 .A72,Archiv fÃ¼r Orientforschung.,v.19(1959-1960),Item in place,0123501476576,39097014555305,,,
994587560101921,0pj 5 a72 + 0,Main Library,Stacks,+ PJ5 .A72,Archiv fÃ¼r Orientforschung.,v.2(1924-1925),Item in place,0123501476402,39097014555313,,,
994587560101921,0pj 5 a72 + 0,Main Library,Stacks,+ PJ5 .A72,Archiv fÃ¼r Orientforschung.,v.20(1963),Item in place,0123501476584,39097014555180,,,
994587560101921,0pj 5 a72 + 0,Main Library,Stacks,+ PJ5 .A72,Archiv fÃ¼r Orientforschung.,v.21(1966),Item in place,0123501476592,39097014555198,,,
994587560101921,0pj 5 a72 + 0,Main Library,Stacks,+ PJ5 .A72,Archiv fÃ¼r Orientforschung.,v.22(1968-1969),Item in place,0123501476600,39097014555321,,,
994587560101921,0pj 5 a72 + 0,Main Library,Stacks,+ PJ5 .A72,Archiv fÃ¼r Orientforschung.,v.23(1970),Item in place,0123501476618,39097014555339,,,
994587560101921,0pj 5 a72 + 0,Main Library,Stacks,+ PJ5 .A72,Archiv fÃ¼r Orientforschung.,v.24(1973),Item in place,0123501476626,39097014555347,,,
994587560101921,0pj 5 a72 + 0,Main Library,Stacks,+ PJ5 .A72,Archiv fÃ¼r Orientforschung.,v.25(1974-1977),Item in place,0123501476634,39097014555354,,,
994587560101921,0pj 5 a72 + 0,Main Library,Stacks,+ PJ5 .A72,Archiv fÃ¼r Orientforschung.,v.26(1978-1979),Item in place,0123501476642,39097014555362,,,
994587560101921,0pj 5 a72 + 0,Main Library,Stacks,+ PJ5 .A72,Archiv fÃ¼r Orientforschung.,v.27(1980),Item in place,0123501476659,39097014555370,,,
994587560101921,0pj 5 a72 + 0,Main Library,Stacks,+ PJ5 .A72,Archiv fÃ¼r Orientforschung.,v.28(1981-1982),Item in place,0123501476667,39097014555388,,,
994587560101921,0pj 5 a72 + 0,Main Library,Stacks,+ PJ5 .A72,Archiv fÃ¼r Orientforschung.,v.29-30(1983-1984),Item in place,0123501476675,39097014555396,,,
994587560101921,0pj 5 a72 + 0,Main Library,Stacks,+ PJ5 .A72,Archiv fÃ¼r Orientforschung.,v.3(1926),Item in place,0123501476410,39097014555404,,,
994587560101921,0pj 5 a72 + 0,Main Library,Stacks,+ PJ5 .A72,Archiv fÃ¼r Orientforschung.,v.31(1984),Item in place,0123501476683,39097014555412,,,
994587560101921,0pj 5 a72 + 0,Main Library,Stacks,+ PJ5 .A72,Archiv fÃ¼r Orientforschung.,v.32(1985),Item in place,0123501476691,39097014555420,,,
994587560101921,0pj 5 a72 + 0,Main Library,Stacks,+ PJ5 .A72,Archiv fÃ¼r Orientforschung.,v.33(1986),Item in place,0123501476725,39097014555438,,,
994587560101921,0pj 5 a72 + 0,Main Library,Stacks,+ PJ5 .A72,Archiv fÃ¼r Orientforschung.,v.34(1987),Item in place,0123501476733,39097014555446,,,
994587560101921,0pj 5 a72 + 0,Main Library,Stacks,+ PJ5 .A72,Archiv fÃ¼r Orientforschung.,v.35(1988),Item in place,0123501476741,39097014555453,,,
994587560101921,0pj 5 a72 + 0,Main Library,Stacks,+ PJ5 .A72,Archiv fÃ¼r Orientforschung.,v.4(1927),Item in place,0123501476428,39097014555461,,,
994587560101921,0pj 5 a72 + 0,Main Library,Stacks,+ PJ5 .A72,Archiv fÃ¼r Orientforschung.,v.5(1928-1929),Item in place,0123501476436,39097014555479,,,
994587560101921,0pj 5 a72 + 0,Main Library,Stacks,+ PJ5 .A72,Archiv fÃ¼r Orientforschung.,v.6(1930-1931),Item in place,0123501476444,39097014555487,,,
994587560101921,0pj 5 a72 + 0,Main Library,Stacks,+ PJ5 .A72,Archiv fÃ¼r Orientforschung.,v.7(1931-1932),Item in place,0123501476451,39097014555495,,,
994587560101921,0pj 5 a72 + 0,Main Library,Stacks,+ PJ5 .A72,Archiv fÃ¼r Orientforschung.,v.8(1932-1933),Item in place,0123501476469,39097014555503,,,
994587560101921,0pj 5 a72 + 0,Main Library,Stacks,+ PJ5 .A72,Archiv fÃ¼r Orientforschung.,v.9(1933-1934),Item in place,0123501476477,39097014555511,,,
994331370101921,0bf 2 a75,Main Library,Stacks,BF2 .A75,Archives de psychologie.,v. 48 no.184-187 1980,Item in place,B2042190,39097014550942,,,v.37(1959/60)-v.56(1988) committed to retain 20160630 20310630 EAST http://eastlibraries.org/retained-materials MWaIB
996289750101921,"0ds""108.9 k362",Main Library,Stacks,DS108.9 .K362,AriÊ¾el : ketav Ê»et li-yediÊ»at Erets-YiÅ›raÊ¾el.,no.199(2012:June),Item in place,B1436892,39097014553078,,,
996289750101921,"0ds""108.9 k362",Main Library,Stacks,DS108.9 .K362,AriÊ¾el : ketav Ê»et li-yediÊ»at Erets-YiÅ›raÊ¾el.,no.200-201(2012:Dec.),Item in place,B1592728,39097014553193,,,
996289750101921,"0ds""108.9 k362",Main Library,Stacks,DS108.9 .K362,AriÊ¾el : ketav Ê»et li-yediÊ»at Erets-YiÅ›raÊ¾el.,no.208(2014:Dec.),Item in place,B2041008,39097014553201,,,
996289750101921,"0ds""108.9 k362",Main Library,Stacks,DS108.9 .K362,AriÊ¾el : ketav Ê»et li-yediÊ»at Erets-YiÅ›raÊ¾el.,no.215(2017),Item in place,B2174999,39097014091327,,,
99155730101921,0ds 1 a4713 + 0,Main Library,Stacks,+ DS1 .A4713,"Asia (New York, 1974-1978).",,Item in place,0123500007554,39097014551759,,,v.1(1974)-v.5(1978) committed to retain 20160630 20310630 EAST http://eastlibraries.org/retained-materials MWaIB
996573520101921,0bm 1 b36,Main Library,Stacks,BM1 .B36,BDD : be-khol derakhekha daÊ»ehu : ketav-Ê»et le-Ê»inyene Torah u-madaÊ».,CURRENT ISSUES KEPT IN JUDAICA,Item in place,B988203,39097014335476,,,
995361750101921,"0bs""410 b72",Main Library,Stacks,BS410 .B72,Biblical interpretation : a journal of contemporary approaches.,v.15(2007),Item in place,B588658,39097012836277,,,"v.1(1993)-v.12(2004), v.14(2006)-v.16(2008) committed to retain 20160630 20310630 EAST http://eastlibraries.org/retained-materials MWaIB"
998721650101921,"0bs""410 v42 + 0",Main Library,Stacks,+ BS410 .V42,Biblical theology bulletin.,v.32:no.1(2002:Feb.),Item in place,872165-150,39097014551551,,,"v.24(1994)-v.32:1,3-4(2002),v.33:no.1-4(2003)-v.40:no.1(2010). committed to retain 20160630 20310630 EAST http://eastlibraries.org/retained-materials MWaIB"
998721650101921,"0bs""410 v42 + 0",Main Library,Stacks,+ BS410 .V42,Biblical theology bulletin.,v.32:no.3(2002:Aug.),Item in place,872165-180,39097014551569,,,"v.24(1994)-v.32:1,3-4(2002),v.33:no.1-4(2003)-v.40:no.1(2010). committed to retain 20160630 20310630 EAST http://eastlibraries.org/retained-materials MWaIB"
998721650101921,"0bs""410 v42 + 0",Main Library,Stacks,+ BS410 .V42,Biblical theology bulletin.,v.32:no.4(2002:Nov.),Item in place,872165-190,39097014551577,,,"v.24(1994)-v.32:1,3-4(2002),v.33:no.1-4(2003)-v.40:no.1(2010). committed to retain 20160630 20310630 EAST http://eastlibraries.org/retained-materials MWaIB"
998721650101921,"0bs""410 v42 + 0",Main Library,Stacks,+ BS410 .V42,Biblical theology bulletin.,v.33:no.1(2003:Spr.),Item in place,872165-200,39097014551585,,,"v.24(1994)-v.32:1,3-4(2002),v.33:no.1-4(2003)-v.40:no.1(2010). committed to retain 20160630 20310630 EAST http://eastlibraries.org/retained-materials MWaIB"
998721650101921,"0bs""410 v42 + 0",Main Library,Stacks,+ BS410 .V42,Biblical theology bulletin.,v.33:no.2(2003:Sum.),Item in place,872165-210,39097014551593,,,"v.24(1994)-v.32:1,3-4(2002),v.33:no.1-4(2003)-v.40:no.1(2010). committed to retain 20160630 20310630 EAST http://eastlibraries.org/retained-materials MWaIB"
998721650101921,"0bs""410 v42 + 0",Main Library,Stacks,+ BS410 .V42,Biblical theology bulletin.,v.33:no.3(2003:Fall),Item in place,872165-220,39097014551601,,,"v.24(1994)-v.32:1,3-4(2002),v.33:no.1-4(2003)-v.40:no.1(2010). committed to retain 20160630 20310630 EAST http://eastlibraries.org/retained-materials MWaIB"
998721650101921,"0bs""410 v42 + 0",Main Library,Stacks,+ BS410 .V42,Biblical theology bulletin.,v.33:no.4(2003:Win.),Item in place,872165-230,39097014551619,,,"v.24(1994)-v.32:1,3-4(2002),v.33:no.1-4(2003)-v.40:no.1(2010). committed to retain 20160630 20310630 EAST http://eastlibraries.org/retained-materials MWaIB"
994770680101921,"0bm""197 a1 j62",Main Library,Stacks,BM197.A1 J62,CCAR journal : a Reform Jewish quarterly.,v.66:no.1(2019:Win.),Item in place,B2185851,39097014551213,,,
994770680101921,"0bm""197 a1 j62",Main Library,Stacks,BM197.A1 J62,CCAR journal : a Reform Jewish quarterly.,v.66:no.2(2019:Spr.),Item in place,B2186591,39097014551197,,,
994770680101921,"0bm""197 a1 j62",Main Library,Stacks,BM197.A1 J62,CCAR journal : a Reform Jewish quarterly.,v.66:no.3(2019:Sum.),Item in place,B2189867,39097014551205,,,
994770680101921,"0bm""197 a1 j62",Main Library,Stacks,BM197.A1 J62,CCAR journal : a Reform Jewish quarterly.,v.67:no.1(2020:Win.),Item in place,B2195960,39097014551221,,,
996228000101921,0pj#5001 a39,Main Library,Stacks,PJ5001 .A39,Ê»Akhshav.,no.15-24(1966-1968),Item in place,0888800066902,39097014239199,,,
996228000101921,0pj#5001 a39,Main Library,Stacks,PJ5001 .A39,Ê»Akhshav.,no.25-32(1973-1975),Item in place,0888800066910,39097014239181,,,
996228000101921,0pj#5001 a39,Main Library,Stacks,PJ5001 .A39,Ê»Akhshav.,no.33-36(1976-1977),Item in place,0888800066928,39097014239173,,,
996228000101921,0pj#5001 a39,Main Library,Stacks,PJ5001 .A39,Ê»Akhshav.,no.37-40(1978-1979),Item in place,0888800066936,39097014239397,,,
996228000101921,0pj#5001 a39,Main Library,Stacks,PJ5001 .A39,Ê»Akhshav.,no.41-44(1980),Item in place,0888800066944,39097014239405,,,
996228000101921,0pj#5001 a39,Main Library,Stacks,PJ5001 .A39,Ê»Akhshav.,no.45-46(1981-1982),Item in place,0888800066951,39097014239389,,,
996228000101921,0pj#5001 a39,Main Library,Stacks,PJ5001 .A39,Ê»Akhshav.,no.47-48(1983),Item in place,0888800066969,39097014239371,,,
996228000101921,0pj#5001 a39,Main Library,Stacks,PJ5001 .A39,Ê»Akhshav.,no.49-50(1984-1985),Item in place,0888800066977,39097014239355,,,
996228000101921,0pj#5001 a39,Main Library,Stacks,PJ5001 .A39,Ê»Akhshav.,no.5-8(1960-1962),Item in place,0888800066886,39097014239215,,,
996228000101921,0pj#5001 a39,Main Library,Stacks,PJ5001 .A39,Ê»Akhshav.,no.51-54(1987),Item in place,0888800066985,39097014239363,,,
996228000101921,0pj#5001 a39,Main Library,Stacks,PJ5001 .A39,Ê»Akhshav.,no.55-56(1989-91),Item in place,0888800066993,39097014239348,,,
996228000101921,0pj#5001 a39,Main Library,Stacks,PJ5001 .A39,Ê»Akhshav.,no.9-14(1963-1965),Item in place,0888800066894,39097014239207,,,
996166620101921,"0ds""149 a1 i89",Main Library,Stacks,DS149.A1 I89,"Ê»Iyunim bi-tekÌ£umat YisÌraÊ¼el : meÊ¼asef li-veÊ»ayot ha-Tsiyonut, ha-Yishuv u-Medinat YisÌraÊ¼el.",v.21(2011),Item in place,B1387754,39097013156683,,,
99410820101921,"0bm""496 a1 f7",Main Library,Stacks,BM496.A1 F7,Frankfurter judaistische BeitraÌˆge.,heft12(1984),Item in place,0123500022645,39097014551239,new barcode added,,
99410820101921,"0bm""496 a1 f7",Main Library,Stacks,BM496.A1 F7,Frankfurter judaistische BeitraÌˆge.,heft13(1985),Item in place,0123500022652,39097014551247,new barcode added,,
99410820101921,"0bm""496 a1 f7",Main Library,Stacks,BM496.A1 F7,Frankfurter judaistische BeitraÌˆge.,heft14(1986),Item in place,0123500022660,39097014551254,new barcode added,,
99410820101921,"0bm""496 a1 f7",Main Library,Stacks,BM496.A1 F7,Frankfurter judaistische BeitraÌˆge.,heft15(1987),Item in place,0123500022678,39097014551262,new barcode added,,
99410820101921,"0bm""496 a1 f7",Main Library,Stacks,BM496.A1 F7,Frankfurter judaistische BeitraÌˆge.,heft17(1989),Item in place,0123500022694,39097014551288,new barcode added,,
996227980101921,0pj#5001 d63 + 0,Main Library,Stacks,+ PJ5001 .D63,ha-DoÊ¾ar.,v.43,Item in place,0888800066456,39097013608923,,,v. 3(1923)-v.83(2003) committed to retain 20160630 20310630 EAST http://eastlibraries.org/retained-materials MWaIB
996290630101921,0bm 1 m38,Main Library,Stacks,BM1 .M38,ha-MaÊ»yan.,v.49:no.1(2008:Oct.),Item in place,B674040,39097014550272,,,
996290630101921,0bm 1 m38,Main Library,Stacks,BM1 .M38,ha-MaÊ»yan.,v.49:no.2(2009:Jan.),Item in place,B674041,39097014550280,,,
996290630101921,0bm 1 m38,Main Library,Stacks,BM1 .M38,ha-MaÊ»yan.,v.49:no.3(2009:Apr.),Item in place,B674042,39097014550298,,,
996290630101921,0bm 1 m38,Main Library,Stacks,BM1 .M38,ha-MaÊ»yan.,v.50:no.2(2010:Jan.),Item in place,B1153802,39097014550306,,,
996290630101921,0bm 1 m38,Main Library,Stacks,BM1 .M38,ha-MaÊ»yan.,v.50:no.3(2010:Apr.),Item in place,B1153803,39097014550397,,,
996290630101921,0bm 1 m38,Main Library,Stacks,BM1 .M38,ha-MaÊ»yan.,v.50:no.4(2010:July),Item in place,B1153804,39097014550405,,,
997582740101921,0pj#5042 h45,Main Library,Stacks,PJ5042 .H45,Heliá¸³on.,no.100(2013),Item in place,B1609641,39097014238662,,,
997582740101921,0pj#5042 h45,Main Library,Stacks,PJ5042 .H45,Heliá¸³on.,no.107(2014),Item in place,B2041218,39097014238654,,,
997582740101921,0pj#5042 h45,Main Library,Stacks,PJ5042 .H45,Heliá¸³on.,no.108(2015),Item in place,B2043271,39097014238647,,,
997582740101921,0pj#5042 h45,Main Library,Stacks,PJ5042 .H45,Heliá¸³on.,no.119(2017),Item in place,B2069513,39097014092093,,,
997582740101921,0pj#5042 h45,Main Library,Stacks,PJ5042 .H45,Heliá¸³on.,no.99(2013),Item in place,B1545436,39097014238670,,,
995846020101921,"0bs""410 h46",Main Library,Stacks,BS410 .H46,Henoch.,v.40:no.1(2018),Item in place,B2185422,39097014551296,,,
995846020101921,"0bs""410 h46",Main Library,Stacks,BS410 .H46,Henoch.,v.41:no.1(2019),Item in place,B2196846,39097014551304,,,
993849270101921,"0ds""101 h5",Main Library,Stacks,DS101 .H5,Historia judaica.,v.22-23 1960-61 Index v.1-20,Item in place,0123500843248,39097014262050,,,v.1(1938/1939)-v.23(1960/1961) committed to retain 20160630 20310630 EAST http://eastlibraries.org/retained-materials MWaIB
993785610101921,"0ds""111 a1 i87",Main Library,Stacks,DS111.A1 I87,Israel exploration journal.,v.1(1950-1951),Item in place,0123500697990,39097014552948,,,
993785610101921,"0ds""111 a1 i87",Main Library,Stacks,DS111.A1 I87,Israel exploration journal.,v.10(1960),Item in place,0123500698089,39097014552930,,,
993785610101921,"0ds""111 a1 i87",Main Library,Stacks,DS111.A1 I87,Israel exploration journal.,v.11(1961),Item in place,0123500698097,39097014552922,,,
993785610101921,"0ds""111 a1 i87",Main Library,Stacks,DS111.A1 I87,Israel exploration journal.,v.12(1962),Item in place,0123500698105,39097014552914,,,
993785610101921,"0ds""111 a1 i87",Main Library,Stacks,DS111.A1 I87,Israel exploration journal.,v.13(1963),Item in place,0123500698113,39097014552898,,,
993785610101921,"0ds""111 a1 i87",Main Library,Stacks,DS111.A1 I87,Israel exploration journal.,v.14(1964),Item in place,0123500698121,39097014552906,,,
993785610101921,"0ds""111 a1 i87",Main Library,Stacks,DS111.A1 I87,Israel exploration journal.,v.15(1965),Item in place,0123500698139,39097014552864,,,
993785610101921,"0ds""111 a1 i87",Main Library,Stacks,DS111.A1 I87,Israel exploration journal.,v.16(1966),Item in place,0123500698147,39097014552856,,,
993785610101921,"0ds""111 a1 i87",Main Library,Stacks,DS111.A1 I87,Israel exploration journal.,v.17(1967),Item in place,0123500698154,39097014552872,,,
993785610101921,"0ds""111 a1 i87",Main Library,Stacks,DS111.A1 I87,Israel exploration journal.,v.18(1968),Item in place,0123500698162,39097014552880,,,
993785610101921,"0ds""111 a1 i87",Main Library,Stacks,DS111.A1 I87,Israel exploration journal.,v.19(1969),Item in place,0123500698170,39097014553060,,,
993785610101921,"0ds""111 a1 i87",Main Library,Stacks,DS111.A1 I87,Israel exploration journal.,v.2(1952),Item in place,0123500698006,39097014553177,,,
993785610101921,"0ds""111 a1 i87",Main Library,Stacks,DS111.A1 I87,Israel exploration journal.,v.20(1970),Item in place,0123500698188,39097014553052,,,
993785610101921,"0ds""111 a1 i87",Main Library,Stacks,DS111.A1 I87,Israel exploration journal.,v.21(1971),Item in place,0123500698196,39097014553185,,,
993785610101921,"0ds""111 a1 i87",Main Library,Stacks,DS111.A1 I87,Israel exploration journal.,v.22(1972),Item in place,0123500698204,39097014552971,,,
993785610101921,"0ds""111 a1 i87",Main Library,Stacks,DS111.A1 I87,Israel exploration journal.,v.23(1973),Item in place,0123500698212,39097014552989,,,
993785610101921,"0ds""111 a1 i87",Main Library,Stacks,DS111.A1 I87,Israel exploration journal.,v.24(1974),Item in place,0123500698220,39097014552997,,,
993785610101921,"0ds""111 a1 i87",Main Library,Stacks,DS111.A1 I87,Israel exploration journal.,v.25(1975),Item in place,0123500698238,39097014553003,,,
993785610101921,"0ds""111 a1 i87",Main Library,Stacks,DS111.A1 I87,Israel exploration journal.,v.26(1976),Item in place,0123500698246,39097014553011,,,
993785610101921,"0ds""111 a1 i87",Main Library,Stacks,DS111.A1 I87,Israel exploration journal.,v.27(1977),Item in place,0123500698253,39097014553029,,,
993785610101921,"0ds""111 a1 i87",Main Library,Stacks,DS111.A1 I87,Israel exploration journal.,v.28(1978),Item in place,0123500698261,39097014553037,,,
993785610101921,"0ds""111 a1 i87",Main Library,Stacks,DS111.A1 I87,Israel exploration journal.,v.29(1979),Item in place,0123500698279,39097014553045,,,
993785610101921,"0ds""111 a1 i87",Main Library,Stacks,DS111.A1 I87,Israel exploration journal.,v.3(1953),Item in place,0123500698014,39097014553094,,,
993785610101921,"0ds""111 a1 i87",Main Library,Stacks,DS111.A1 I87,Israel exploration journal.,v.30(1980),Item in place,0123500698287,39097014553102,,,
993785610101921,"0ds""111 a1 i87",Main Library,Stacks,DS111.A1 I87,Israel exploration journal.,v.31(1981),Item in place,0123500698295,39097014553110,,,
993785610101921,"0ds""111 a1 i87",Main Library,Stacks,DS111.A1 I87,Israel exploration journal.,v.32-33(1982-1983),Item in place,0123500698303,39097014553128,,,
993785610101921,"0ds""111 a1 i87",Main Library,Stacks,DS111.A1 I87,Israel exploration journal.,v.34(1984),Item in place,0123500698311,39097014553136,,,
993785610101921,"0ds""111 a1 i87",Main Library,Stacks,DS111.A1 I87,Israel exploration journal.,v.35(1985),Item in place,0123500698329,39097014553144,,,
993785610101921,"0ds""111 a1 i87",Main Library,Stacks,DS111.A1 I87,Israel exploration journal.,v.36(1986),Item in place,0123500698337,39097014553151,,,
993785610101921,"0ds""111 a1 i87",Main Library,Stacks,DS111.A1 I87,Israel exploration journal.,v.37(1987),Item in place,0123500698345,39097014553169,,,
993785610101921,"0ds""111 a1 i87",Main Library,Stacks,DS111.A1 I87,Israel exploration journal.,v.38(1988),Item in place,0123500698352,39097014554415,,,
993785610101921,"0ds""111 a1 i87",Main Library,Stacks,DS111.A1 I87,Israel exploration journal.,v.39-40(1989-1990),Item in place,0123500698360,39097014554423,,,
993785610101921,"0ds""111 a1 i87",Main Library,Stacks,DS111.A1 I87,Israel exploration journal.,v.4(1954),Item in place,0123500698022,39097014554431,,,
993785610101921,"0ds""111 a1 i87",Main Library,Stacks,DS111.A1 I87,Israel exploration journal.,v.40(1990),Item in place,0123500698378,39097014554449,,,
993785610101921,"0ds""111 a1 i87",Main Library,Stacks,DS111.A1 I87,Israel exploration journal.,v.41(1991),Item in place,0123500698386,39097014554456,,,
993785610101921,"0ds""111 a1 i87",Main Library,Stacks,DS111.A1 I87,Israel exploration journal.,v.5(1955),Item in place,0123500698030,39097014554464,,,
993785610101921,"0ds""111 a1 i87",Main Library,Stacks,DS111.A1 I87,Israel exploration journal.,v.57:no.2(2007:Dec.),Item in place,B208965,39097014554472,,,
993785610101921,"0ds""111 a1 i87",Main Library,Stacks,DS111.A1 I87,Israel exploration journal.,v.59:no.1(2009:June),Item in place,B742205,39097014554480,,,
993785610101921,"0ds""111 a1 i87",Main Library,Stacks,DS111.A1 I87,Israel exploration journal.,v.59:no.2(2009:Dec.),Item in place,B742206,39097014554498,,,
993785610101921,"0ds""111 a1 i87",Main Library,Stacks,DS111.A1 I87,Israel exploration journal.,v.6(1956),Item in place,0123500698048,39097014554506,,,
993785610101921,"0ds""111 a1 i87",Main Library,Stacks,DS111.A1 I87,Israel exploration journal.,v.60:no.1(2010:June),Item in place,B988245,39097014554571,,,
993785610101921,"0ds""111 a1 i87",Main Library,Stacks,DS111.A1 I87,Israel exploration journal.,v.60:no.2(2010:Dec.),Item in place,B988246,39097014554522,,,
993785610101921,"0ds""111 a1 i87",Main Library,Stacks,DS111.A1 I87,Israel exploration journal.,v.61:no.1(2011:June),Item in place,B1242930,39097014554530,,,
993785610101921,"0ds""111 a1 i87",Main Library,Stacks,DS111.A1 I87,Israel exploration journal.,v.61:no.2(2011:Dec.),Item in place,B1242931,39097014554548,,,
993785610101921,"0ds""111 a1 i87",Main Library,Stacks,DS111.A1 I87,Israel exploration journal.,v.62:no.2(2012:Dec.),Item in place,B1359881,39097014554555,,,
993785610101921,"0ds""111 a1 i87",Main Library,Stacks,DS111.A1 I87,Israel exploration journal.,v.7(1957),Item in place,0123500698055,39097014554514,,,
993785610101921,"0ds""111 a1 i87",Main Library,Stacks,DS111.A1 I87,Israel exploration journal.,v.71:no.1(2021),Item in place,B2201512,39097014554944,,,
993785610101921,"0ds""111 a1 i87",Main Library,Stacks,DS111.A1 I87,Israel exploration journal.,v.8(1958),Item in place,0123500698063,39097014554639,,,
993785610101921,"0ds""111 a1 i87",Main Library,Stacks,DS111.A1 I87,Israel exploration journal.,v.9(1959),Item in place,0123500698071,39097014554654,,,
993853520101921,"0ds""133 j623",Main Library,Stacks,DS133 .J623,Jewish currents.,v.20:no.216-226(1966),Item in place,0123500850979,39097014554662,,,
993853520101921,"0ds""133 j623",Main Library,Stacks,DS133 .J623,Jewish currents.,v.21:no.227-237(1967),Item in place,0123500850987,39097014554787,,,
993853520101921,"0ds""133 j623",Main Library,Stacks,DS133 .J623,Jewish currents.,v.22:no.238-248(1968),Item in place,0123500850995,39097014554670,,,
993853520101921,"0ds""133 j623",Main Library,Stacks,DS133 .J623,Jewish currents.,v.23:no.249-259(1969),Item in place,0123500851001,39097014554688,,,
993853520101921,"0ds""133 j623",Main Library,Stacks,DS133 .J623,Jewish currents.,v.24:no.260-270(1970),Item in place,0123500851019,39097014554696,,,
993853520101921,"0ds""133 j623",Main Library,Stacks,DS133 .J623,Jewish currents.,v.25:no.271-281(1971),Item in place,0123500851027,39097014554704,,,
993853520101921,"0ds""133 j623",Main Library,Stacks,DS133 .J623,Jewish currents.,v.26:no.282-292(1972),Item in place,0123500851035,39097014554712,,,
993853520101921,"0ds""133 j623",Main Library,Stacks,DS133 .J623,Jewish currents.,v.27:no.293-303(1973),Item in place,0123500851043,39097014554720,,,
993853520101921,"0ds""133 j623",Main Library,Stacks,DS133 .J623,Jewish currents.,v.28:no.304-314(1974),Item in place,0123500851050,39097014554738,,,
993853520101921,"0ds""133 j623",Main Library,Stacks,DS133 .J623,Jewish currents.,v.29:no.315-325(1975),Item in place,0123500851068,39097014554746,,,
993853520101921,"0ds""133 j623",Main Library,Stacks,DS133 .J623,Jewish currents.,v.30:no.326-336(1976),Item in place,0123500851076,39097014554753,,,
993853520101921,"0ds""133 j623",Main Library,Stacks,DS133 .J623,Jewish currents.,v.31:no.327-347(1977),Item in place,0123500851084,39097014554761,,,
993853520101921,"0ds""133 j623",Main Library,Stacks,DS133 .J623,Jewish currents.,v.32:no.348-358(1978),Item in place,0123500851092,39097014554779,,,
993853520101921,"0ds""133 j623",Main Library,Stacks,DS133 .J623,Jewish currents.,v.34:no.370-380(1980),Item in place,0123500851100,39097014554795,,,
993853520101921,"0ds""133 j623",Main Library,Stacks,DS133 .J623,Jewish currents.,v.35:no.381-391(1981),Item in place,0123500851118,39097014554803,,,
993853520101921,"0ds""133 j623",Main Library,Stacks,DS133 .J623,Jewish currents.,v.36:no.392-402(1982),Item in place,0123500851126,39097014554811,,,
993853520101921,"0ds""133 j623",Main Library,Stacks,DS133 .J623,Jewish currents.,v.37:no.403-413(1983),Item in place,0123500851134,39097014554829,,,
993853520101921,"0ds""133 j623",Main Library,Stacks,DS133 .J623,Jewish currents.,v.38:no.414-424(1984),Item in place,0123500851142,39097014554837,,,
993853520101921,"0ds""133 j623",Main Library,Stacks,DS133 .J623,Jewish currents.,v.39:no.425-432(1985),Item in place,0123500851159,39097014554845,,,
993853520101921,"0ds""133 j623",Main Library,Stacks,DS133 .J623,Jewish currents.,v.40:no.434-444(1986),Item in place,0123500851167,39097014554852,,,
993853520101921,"0ds""133 j623",Main Library,Stacks,DS133 .J623,Jewish currents.,v.41:no.445-455(1987),Item in place,0123500851175,39097014554860,,,
993853520101921,"0ds""133 j623",Main Library,Stacks,DS133 .J623,Jewish currents.,v.42:no.456-466(1988),Item in place,0123500851183,39097014554878,,,
993853520101921,"0ds""133 j623",Main Library,Stacks,DS133 .J623,Jewish currents.,v.43:no.467-477(1989),Item in place,0123500851191,39097014554886,,,
993853520101921,"0ds""133 j623",Main Library,Stacks,DS133 .J623,Jewish currents.,v.44:no.478-488(1990),Item in place,0123500851209,39097014554894,,,
993853520101921,"0ds""133 j623",Main Library,Stacks,DS133 .J623,Jewish currents.,v.45:no.489-499(1991),Item in place,0123500851217,39097014554902,,,
993566780101921,0pj#3001 j59,Main Library,Stacks,PJ3001 .J59,Journal of northwest semitic languages.,v.43 no.2(2017),Item in place,39099014317250,39097014317250,,,
993811620101921,"0ds""101 a67 + 0",Main Library,Stacks,+ DS101 .A67,L'Arche.,no.119-129(1967),Item in place,0123500771167,39097014552013,,,
993811620101921,"0ds""101 a67 + 0",Main Library,Stacks,+ DS101 .A67,L'Arche.,no.142-153(1969),Item in place,0123500771175,39097014552021,,,
993811620101921,"0ds""101 a67 + 0",Main Library,Stacks,+ DS101 .A67,L'Arche.,no.154-165(1970),Item in place,0123500771183,39097014552039,,,
993811620101921,"0ds""101 a67 + 0",Main Library,Stacks,+ DS101 .A67,L'Arche.,no.166-177(1971),Item in place,0123500771191,39097014552047,,,
993811620101921,"0ds""101 a67 + 0",Main Library,Stacks,+ DS101 .A67,L'Arche.,no.178-189(1972),Item in place,0123500771209,39097014552054,,,
993811620101921,"0ds""101 a67 + 0",Main Library,Stacks,+ DS101 .A67,L'Arche.,no.190-201(1973),Item in place,0123500771217,39097014552062,,,
993811620101921,"0ds""101 a67 + 0",Main Library,Stacks,+ DS101 .A67,L'Arche.,no.202-213(1974),Item in place,0123500771225,39097014552070,,,
993811620101921,"0ds""101 a67 + 0",Main Library,Stacks,+ DS101 .A67,L'Arche.,no.214-225(1975),Item in place,0123500771233,39097014552088,,,
993811620101921,"0ds""101 a67 + 0",Main Library,Stacks,+ DS101 .A67,L'Arche.,no.238-249(1977),Item in place,0123500771241,39097014552096,,,
993811620101921,"0ds""101 a67 + 0",Main Library,Stacks,+ DS101 .A67,L'Arche.,no.250-255(1978),Item in place,0123500771258,39097014552104,,,
993811620101921,"0ds""101 a67 + 0",Main Library,Stacks,+ DS101 .A67,L'Arche.,no.256-261(1978:July-Dec.),Item in place,0123500771266,39097014552112,,,
993811620101921,"0ds""101 a67 + 0",Main Library,Stacks,+ DS101 .A67,L'Arche.,no.262-267(1979),Item in place,0123500771274,39097014552120,,,
993811620101921,"0ds""101 a67 + 0",Main Library,Stacks,+ DS101 .A67,L'Arche.,no.268-273(1979:July-Dec.),Item in place,0123500771282,39097014552138,,,
993811620101921,"0ds""101 a67 + 0",Main Library,Stacks,+ DS101 .A67,L'Arche.,no.274-279(1980:Jan.-June),Item in place,0123500771290,39097014552146,,,
993811620101921,"0ds""101 a67 + 0",Main Library,Stacks,+ DS101 .A67,L'Arche.,no.280-285(1980:July-Dec.),Item in place,0123500771308,39097014552153,,,
993811620101921,"0ds""101 a67 + 0",Main Library,Stacks,+ DS101 .A67,L'Arche.,no.286-291(1981),Item in place,0123500771316,39097014552161,,,
993811620101921,"0ds""101 a67 + 0",Main Library,Stacks,+ DS101 .A67,L'Arche.,no.292-297(1981),Item in place,0123500771324,39097014552179,,,
993811620101921,"0ds""101 a67 + 0",Main Library,Stacks,+ DS101 .A67,L'Arche.,no.298-303(1982),Item in place,0123500771332,39097014552187,,,
993811620101921,"0ds""101 a67 + 0",Main Library,Stacks,+ DS101 .A67,L'Arche.,no.304-309(1983),Item in place,0123500771340,39097014552203,,,
993811620101921,"0ds""101 a67 + 0",Main Library,Stacks,+ DS101 .A67,L'Arche.,no.310-315(1983),Item in place,0123500771357,39097014552195,,,
993811620101921,"0ds""101 a67 + 0",Main Library,Stacks,+ DS101 .A67,L'Arche.,no.316-321(1983),Item in place,0123500771365,39097014552211,,,
993811620101921,"0ds""101 a67 + 0",Main Library,Stacks,+ DS101 .A67,L'Arche.,no.322-327(1984),Item in place,0123500771373,39097014552229,,,
993811620101921,"0ds""101 a67 + 0",Main Library,Stacks,+ DS101 .A67,L'Arche.,no.328-333(1984),Item in place,0123500771381,39097014552237,,,
993811620101921,"0ds""101 a67 + 0",Main Library,Stacks,+ DS101 .A67,L'Arche.,no.334-339(1985),Item in place,0123500771399,39097014552245,,,
993811620101921,"0ds""101 a67 + 0",Main Library,Stacks,+ DS101 .A67,L'Arche.,no.340-345(1985),Item in place,0123500771407,39097014552252,,,
993811620101921,"0ds""101 a67 + 0",Main Library,Stacks,+ DS101 .A67,L'Arche.,no.346-351(1986),Item in place,0123500771415,39097014552369,,,
993811620101921,"0ds""101 a67 + 0",Main Library,Stacks,+ DS101 .A67,L'Arche.,no.352-357(1986:July-Dec.),Item in place,0123500771423,39097014552351,,,
993811620101921,"0ds""101 a67 + 0",Main Library,Stacks,+ DS101 .A67,L'Arche.,no.358-363(1987:Jan.-June),Item in place,0123500771431,39097014552344,,,
993811620101921,"0ds""101 a67 + 0",Main Library,Stacks,+ DS101 .A67,L'Arche.,no.364-368(1987:July-Dec.),Item in place,0123500771449,39097014552336,,,
993811620101921,"0ds""101 a67 + 0",Main Library,Stacks,+ DS101 .A67,L'Arche.,no.369-374(1988:Jan.-June),Item in place,0123500771456,39097014552328,,,
993811620101921,"0ds""101 a67 + 0",Main Library,Stacks,+ DS101 .A67,L'Arche.,no.375-379(1988:July-Dec.),Item in place,0123500771464,39097014552310,,,
993811620101921,"0ds""101 a67 + 0",Main Library,Stacks,+ DS101 .A67,L'Arche.,no.380-385(1989:Jan.-June),Item in place,0123500771472,39097014552302,,,
993811620101921,"0ds""101 a67 + 0",Main Library,Stacks,+ DS101 .A67,L'Arche.,no.386-390(1989:July-Dec.),Item in place,0123500771480,39097014552294,,,
993811620101921,"0ds""101 a67 + 0",Main Library,Stacks,+ DS101 .A67,L'Arche.,no.391-396(1990:Jan.-June),Item in place,0123500771498,39097014552260,,,
993811620101921,"0ds""101 a67 + 0",Main Library,Stacks,+ DS101 .A67,L'Arche.,no.397-401(1990:July-Dec.),Item in place,0123500771506,39097014552286,,,
993811620101921,"0ds""101 a67 + 0",Main Library,Stacks,+ DS101 .A67,L'Arche.,no.402-407(1991:Jan.-June),Item in place,0123500771514,39097014552278,,,
993811620101921,"0ds""101 a67 + 0",Main Library,Stacks,+ DS101 .A67,L'Arche.,no.408-412(1991:July-Dec.),Item in place,0123500771522,39097014552385,,,
993811620101921,"0ds""101 a67 + 0",Main Library,Stacks,+ DS101 .A67,L'Arche.,no.48-59(1961),Item in place,0123500771142,39097014552484,,,
993811620101921,"0ds""101 a67 + 0",Main Library,Stacks,+ DS101 .A67,L'Arche.,no.60-71(1962),Item in place,0123500771159,39097014552377,,,
993811620101921,"0ds""101 a67 + 0",Main Library,Stacks,+ DS101 .A67,L'Arche.,no.652(2015:Jan./Feb./Mar.),Item in place,B2038111,39097014553680,,,
993811620101921,"0ds""101 a67 + 0",Main Library,Stacks,+ DS101 .A67,L'Arche.,no.653(2015:Mar.),Item in place,B2039460,39097014553805,,,
993811620101921,"0ds""101 a67 + 0",Main Library,Stacks,+ DS101 .A67,L'Arche.,no.654(2015:May),Item in place,B2041664,39097014553797,,,
993811620101921,"0ds""101 a67 + 0",Main Library,Stacks,+ DS101 .A67,L'Arche.,no.656(2015:Oct.-Dec.),Item in place,B2045490,39097014553672,,,
993811620101921,"0ds""101 a67 + 0",Main Library,Stacks,+ DS101 .A67,L'Arche.,no.657(2015:Nov.),Item in place,B2047276,39097014553789,there are 2 copys of no. 657 - The other bar code is: 39097014553664,,
993811620101921,"0ds""101 a67 + 0",Main Library,Stacks,+ DS101 .A67,L'Arche.,no.685(2021:March-April),Item in place,B2200127,39097014555057,Judaica Reading Room,,
993811620101921,"0ds""101 a67 + 0",Main Library,Stacks,+ DS101 .A67,L'Arche.,no.686(2021:May-June),Item in place,B2201152,39097014555040,Judaica Reading Room,,
993773650101921,"0bs""410 j39",Main Library,Stacks,BS410 .J39,Liber annuus.,Index: v.1-20,Item in place,0123500655527,39097014551379,,,
993773650101921,"0bs""410 j39",Main Library,Stacks,BS410 .J39,Liber annuus.,v.13(1962-1963),Item in place,0123500655451,39097014551312,,,
993773650101921,"0bs""410 j39",Main Library,Stacks,BS410 .J39,Liber annuus.,v.15(1964-1965),Item in place,0123500655469,39097014551320,,,
993773650101921,"0bs""410 j39",Main Library,Stacks,BS410 .J39,Liber annuus.,v.16(1965-1966),Item in place,0123500655477,39097014551338,,,
993773650101921,"0bs""410 j39",Main Library,Stacks,BS410 .J39,Liber annuus.,v.17(1967),Item in place,0123500655485,39097014551346,,,
993773650101921,"0bs""410 j39",Main Library,Stacks,BS410 .J39,Liber annuus.,v.19(1969),Item in place,0123500655501,39097014551353,,,
993773650101921,"0bs""410 j39",Main Library,Stacks,BS410 .J39,Liber annuus.,v.20(1970),Item in place,0123500655519,39097014551361,,,
993773650101921,"0bs""410 j39",Main Library,Stacks,BS410 .J39,Liber annuus.,v.21(1971),Item in place,0123500655535,39097014551387,,,
993773650101921,"0bs""410 j39",Main Library,Stacks,BS410 .J39,Liber annuus.,v.22(1972),Item in place,0123500655543,39097014551395,,,
993773650101921,"0bs""410 j39",Main Library,Stacks,BS410 .J39,Liber annuus.,v.25(1975),Item in place,0123500655576,39097014551403,,,
993773650101921,"0bs""410 j39",Main Library,Stacks,BS410 .J39,Liber annuus.,v.26(1976),Item in place,0123500655584,39097014551411,,,
993773650101921,"0bs""410 j39",Main Library,Stacks,BS410 .J39,Liber annuus.,v.28(1978),Item in place,0123500655600,39097014551437,,,
993773650101921,"0bs""410 j39",Main Library,Stacks,BS410 .J39,Liber annuus.,v.30(1980),Item in place,0123500655618,39097014551445,,,
993773650101921,"0bs""410 j39",Main Library,Stacks,BS410 .J39,Liber annuus.,v.31(1981),Item in place,0123500655626,39097014551452,,,
993773650101921,"0bs""410 j39",Main Library,Stacks,BS410 .J39,Liber annuus.,v.32(1982),Item in place,0123500655634,39097014551460,,,
993773650101921,"0bs""410 j39",Main Library,Stacks,BS410 .J39,Liber annuus.,v.33(1983),Item in place,0123500655642,39097014551478,,,
993773650101921,"0bs""410 j39",Main Library,Stacks,BS410 .J39,Liber annuus.,v.34(1984),Item in place,0123500655659,39097014551486,,,
993773650101921,"0bs""410 j39",Main Library,Stacks,BS410 .J39,Liber annuus.,v.35(1985),Item in place,0123500655667,39097014551494,,,
993773650101921,"0bs""410 j39",Main Library,Stacks,BS410 .J39,Liber annuus.,v.36(1986),Item in place,0123500655675,39097014551502,,,
993773650101921,"0bs""410 j39",Main Library,Stacks,BS410 .J39,Liber annuus.,v.37(1987),Item in place,0123500655683,39097014551510,,,
993773650101921,"0bs""410 j39",Main Library,Stacks,BS410 .J39,Liber annuus.,v.38(1988),Item in place,0123500655691,39097014551528,,,
993773650101921,"0bs""410 j39",Main Library,Stacks,BS410 .J39,Liber annuus.,v.40(1990),Item in place,0123500655717,39097014551536,,,
993773650101921,"0bs""410 j39",Main Library,Stacks,BS410 .J39,Liber annuus.,v.41(1991),Item in place,0123500655725,39097014551544,,,
993704970101921,0bc 1 l6,Main Library,Stacks,BC1 .L6,Logique et analyse.,v.61:no.241(2018:Mar. ),Item in place,B2177192,39097014550322,,,
993704970101921,0bc 1 l6,Main Library,Stacks,BC1 .L6,Logique et analyse.,v.61:no.242(2018:June),Item in place,B2179223,39097014550355,,,
993704970101921,0bc 1 l6,Main Library,Stacks,BC1 .L6,Logique et analyse.,v.61:no.243(2018:Sept.),Item in place,B2182236,39097014550348,,,
993704970101921,0bc 1 l6,Main Library,Stacks,BC1 .L6,Logique et analyse.,v.61:no.244(2018:Dec.),Item in place,B2184343,39097014550314,,,
99174150101921,0pj#3001 m3,Main Library,Stacks,PJ3001 .M3,Maarav.,v.24:no.1-2(2020),Item in place,B2214494,39097014337753,,,
99174150101921,0pj#3001 m3,Main Library,Stacks,PJ3001 .M3,Maarav.,v.7(1991),Item not in place,B62337,39097011087138,,,
99174150101921,0pj#3001 m3,Main Library,Stacks,PJ3001 .M3,Maarav.,v.8(1992),Item not in place,B62327,39097011086940,,,
996050890101921,"0b""154 m44",Main Library,Stacks,B154. M44,Meá¸¥á¸³ere Yerushalayim be-maá¸¥ashevet YiÅ›raÊ¾el /,v.14(1998),Item in place,B148327,39097009726143,,,
996050890101921,"0b""154 m44",Main Library,Stacks,B154. M44,Meá¸¥á¸³ere Yerushalayim be-maá¸¥ashevet YiÅ›raÊ¾el /,v.16(2001),Item in place,605089-120,39097011594752,,,
996050890101921,"0b""154 m44",Main Library,Stacks,B154. M44,Meá¸¥á¸³ere Yerushalayim be-maá¸¥ashevet YiÅ›raÊ¾el /,v.17(2001),Item in place,605089-130,39097011594802,,,
996050890101921,"0b""154 m44",Main Library,Stacks,B154. M44,Meá¸¥á¸³ere Yerushalayim be-maá¸¥ashevet YiÅ›raÊ¾el /,v.18(2005),Item in place,B165429,39097012568573,,,
996050890101921,"0b""154 m44",Main Library,Stacks,B154. M44,Meá¸¥á¸³ere Yerushalayim be-maá¸¥ashevet YiÅ›raÊ¾el /,v.19(2005),Item in place,B165430,39097012568524,,,
994127140101921,"0bf""698.5 m4",Main Library,Stacks,BF698.5 M4,Mental measurements yearbook.,ed.11,Item in place,0123500981170,39097014550223,,,
994127140101921,"0bf""698.5 m4",Main Library,Stacks,BF698.5 M4,Mental measurements yearbook.,ed.2,Item in place,0123500981071,39097014550231,,,
994127140101921,"0bf""698.5 m4",Main Library,Stacks,BF698.5 M4,Mental measurements yearbook.,ed.3,Item in place,0123500981089,39097014550363,,,
994127140101921,"0bf""698.5 m4",Main Library,Stacks,BF698.5 M4,Mental measurements yearbook.,ed.4,Item in place,0123500981097,39097014550421,,,
994127140101921,"0bf""698.5 m4",Main Library,Stacks,BF698.5 M4,Mental measurements yearbook.,ed.5,Item in place,0123500981105,39097014550249,,,
994127140101921,"0bf""698.5 m4",Main Library,Stacks,BF698.5 M4,Mental measurements yearbook.,ed.7:v.1,Item in place,0123500981121,39097014550371,,,
994127140101921,"0bf""698.5 m4",Main Library,Stacks,BF698.5 M4,Mental measurements yearbook.,ed.7:v.2,Item in place,0123500981139,39097014550256,,,
994127140101921,"0bf""698.5 m4",Main Library,Stacks,BF698.5 M4,Mental measurements yearbook.,ed.8:v.1,Item in place,0123500981147,39097014550389,,,
994127140101921,"0bf""698.5 m4",Main Library,Stacks,BF698.5 M4,Mental measurements yearbook.,ed.8:v.2,Item in place,0123500981154,39097014550264,,,
9911050730101921,"0ds""101 m645",Main Library,Stacks,DS101 .M645,Moreshet YÃ­Å›raÊ¾el.,no.10(2013:Nov.),Item in place,B2046309,39097014551916,,,
9911050730101921,"0ds""101 m645",Main Library,Stacks,DS101 .M645,Moreshet YÃ­Å›raÊ¾el.,no.8(2011:Apr.),Item in place,B2046307,39097014551767,New barcode,,
994544020101921,"0ds""149 h312 + 0",Main Library,Stacks,+ DS149 .H312,News & analysis update /,1976-1982,Item in place,0123501408884,39097014376686,,,
994544020101921,"0ds""149 h312 + 0",Main Library,Stacks,+ DS149 .H312,News & analysis update /,1983-1989,Item in place,0123501408892,39097014376793,,,
994568200101921,0pj 6 o7,Main Library,Stacks,PJ6 .O7,Orientalia.,n.s.:v.1(1932),Item in place,0123501431357,39097014555529,,,
994568200101921,0pj 6 o7,Main Library,Stacks,PJ6 .O7,Orientalia.,n.s.:v.10(1941),Item in place,0123501431449,39097014555537,,,
994568200101921,0pj 6 o7,Main Library,Stacks,PJ6 .O7,Orientalia.,n.s.:v.11(1942),Item in place,0123501431456,39097014555545,,,
994568200101921,0pj 6 o7,Main Library,Stacks,PJ6 .O7,Orientalia.,n.s.:v.12(1943),Item in place,0123501431464,39097014555552,,,
994568200101921,0pj 6 o7,Main Library,Stacks,PJ6 .O7,Orientalia.,n.s.:v.13(1944),Item in place,0123501431472,39097014555560,,,
994568200101921,0pj 6 o7,Main Library,Stacks,PJ6 .O7,Orientalia.,n.s.:v.14(1945),Item in place,0123501431480,39097014555578,,,
994568200101921,0pj 6 o7,Main Library,Stacks,PJ6 .O7,Orientalia.,n.s.:v.15(1946),Item in place,0123501431498,39097014555586,,,
994568200101921,0pj 6 o7,Main Library,Stacks,PJ6 .O7,Orientalia.,n.s.:v.16(1947),Item in place,0123501431506,39097014555594,,,
994568200101921,0pj 6 o7,Main Library,Stacks,PJ6 .O7,Orientalia.,n.s.:v.17(1948),Item in place,0123501431514,39097014555602,,,
994568200101921,0pj 6 o7,Main Library,Stacks,PJ6 .O7,Orientalia.,n.s.:v.18(1949),Item in place,0123501431522,39097014555610,,,
994568200101921,0pj 6 o7,Main Library,Stacks,PJ6 .O7,Orientalia.,n.s.:v.19(1950),Item in place,0123501431530,39097014555628,,,
994568200101921,0pj 6 o7,Main Library,Stacks,PJ6 .O7,Orientalia.,n.s.:v.2(1933),Item in place,0123501431365,39097014555636,,,
994568200101921,0pj 6 o7,Main Library,Stacks,PJ6 .O7,Orientalia.,n.s.:v.20(1951),Item in place,0123501431548,39097014555644,,,
994568200101921,0pj 6 o7,Main Library,Stacks,PJ6 .O7,Orientalia.,n.s.:v.21(1952),Item in place,0123501431555,39097014555651,,,
994568200101921,0pj 6 o7,Main Library,Stacks,PJ6 .O7,Orientalia.,n.s.:v.22(1953),Item in place,0123501431563,39097014555669,,,
994568200101921,0pj 6 o7,Main Library,Stacks,PJ6 .O7,Orientalia.,n.s.:v.23(1954),Item in place,0123501431571,39097014555677,,,
994568200101921,0pj 6 o7,Main Library,Stacks,PJ6 .O7,Orientalia.,n.s.:v.24(1955),Item in place,0123501431589,39097014555685,,,
994568200101921,0pj 6 o7,Main Library,Stacks,PJ6 .O7,Orientalia.,n.s.:v.26(1957),Item in place,0123501431597,39097014555693,,,
994568200101921,0pj 6 o7,Main Library,Stacks,PJ6 .O7,Orientalia.,n.s.:v.27(1958),Item in place,0123501431605,39097014555701,,,
994568200101921,0pj 6 o7,Main Library,Stacks,PJ6 .O7,Orientalia.,n.s.:v.28(1959),Item in place,0123501431613,39097014555719,,,
994568200101921,0pj 6 o7,Main Library,Stacks,PJ6 .O7,Orientalia.,n.s.:v.29(1960),Item in place,0123501431621,39097014555727,,,
994568200101921,0pj 6 o7,Main Library,Stacks,PJ6 .O7,Orientalia.,n.s.:v.3(1934),Item in place,0123501431373,39097014555735,,,
994568200101921,0pj 6 o7,Main Library,Stacks,PJ6 .O7,Orientalia.,n.s.:v.30(1961),Item in place,0123501431639,39097014555743,,,
994568200101921,0pj 6 o7,Main Library,Stacks,PJ6 .O7,Orientalia.,n.s.:v.31(1962),Item in place,0123501431647,39097014555750,,,
994568200101921,0pj 6 o7,Main Library,Stacks,PJ6 .O7,Orientalia.,n.s.:v.32(1963),Item in place,0123501431654,39097014555768,,,
994568200101921,0pj 6 o7,Main Library,Stacks,PJ6 .O7,Orientalia.,n.s.:v.33(1964),Item in place,0123501431662,39097014555776,,,
994568200101921,0pj 6 o7,Main Library,Stacks,PJ6 .O7,Orientalia.,n.s.:v.34(1965),Item in place,0123501431670,39097014555784,,,
994568200101921,0pj 6 o7,Main Library,Stacks,PJ6 .O7,Orientalia.,n.s.:v.35(1966),Item in place,0123501431688,39097014555792,,,
994568200101921,0pj 6 o7,Main Library,Stacks,PJ6 .O7,Orientalia.,n.s.:v.36(1967),Item in place,0123501431696,39097014555800,,,
994568200101921,0pj 6 o7,Main Library,Stacks,PJ6 .O7,Orientalia.,n.s.:v.37(1968),Item in place,0123501431704,39097014555818,,,
994568200101921,0pj 6 o7,Main Library,Stacks,PJ6 .O7,Orientalia.,n.s.:v.38(1969),Item in place,0123501431712,39097014555826,,,
994568200101921,0pj 6 o7,Main Library,Stacks,PJ6 .O7,Orientalia.,n.s.:v.39(1970),Item in place,0123501431720,39097014555834,,,
994568200101921,0pj 6 o7,Main Library,Stacks,PJ6 .O7,Orientalia.,n.s.:v.4(1935),Item in place,0123501431381,39097014555842,,,
994568200101921,0pj 6 o7,Main Library,Stacks,PJ6 .O7,Orientalia.,n.s.:v.40(1971),Item in place,0123501431738,39097014555859,,,
994568200101921,0pj 6 o7,Main Library,Stacks,PJ6 .O7,Orientalia.,n.s.:v.41(1972),Item in place,0123501431746,39097014555867,,,
994568200101921,0pj 6 o7,Main Library,Stacks,PJ6 .O7,Orientalia.,n.s.:v.42(1973),Item in place,0123501431753,39097014555875,,,
994568200101921,0pj 6 o7,Main Library,Stacks,PJ6 .O7,Orientalia.,n.s.:v.43(1974),Item in place,0123501431761,39097014555883,,,
994568200101921,0pj 6 o7,Main Library,Stacks,PJ6 .O7,Orientalia.,n.s.:v.44(1975),Item in place,0123501431779,39097014555891,,,
994568200101921,0pj 6 o7,Main Library,Stacks,PJ6 .O7,Orientalia.,n.s.:v.45(1976),Item in place,0123501431787,39097014555909,,,
994568200101921,0pj 6 o7,Main Library,Stacks,PJ6 .O7,Orientalia.,n.s.:v.46(1977),Item in place,0123501431795,39097014555917,,,
994568200101921,0pj 6 o7,Main Library,Stacks,PJ6 .O7,Orientalia.,n.s.:v.47(1978),Item in place,0123501431803,39097014555925,,,
994568200101921,0pj 6 o7,Main Library,Stacks,PJ6 .O7,Orientalia.,n.s.:v.48(1979),Item in place,0123501431811,39097014555933,,,
994568200101921,0pj 6 o7,Main Library,Stacks,PJ6 .O7,Orientalia.,n.s.:v.49(1980),Item in place,0123501431829,39097014555941,,,
994568200101921,0pj 6 o7,Main Library,Stacks,PJ6 .O7,Orientalia.,n.s.:v.5(1936),Item in place,0123501431399,39097014555958,,,
994568200101921,0pj 6 o7,Main Library,Stacks,PJ6 .O7,Orientalia.,n.s.:v.50(1981),Item in place,0123501431837,39097014555966,,,
994568200101921,0pj 6 o7,Main Library,Stacks,PJ6 .O7,Orientalia.,n.s.:v.51(1982),Item in place,0123501431845,39097014555974,,,
994568200101921,0pj 6 o7,Main Library,Stacks,PJ6 .O7,Orientalia.,n.s.:v.52(1983),Item in place,0123501431852,39097014555982,,,
994568200101921,0pj 6 o7,Main Library,Stacks,PJ6 .O7,Orientalia.,n.s.:v.53(1984),Item in place,0123501431860,39097014555990,,,
994568200101921,0pj 6 o7,Main Library,Stacks,PJ6 .O7,Orientalia.,n.s.:v.54(1985),Item in place,0123501431878,39097014556006,,,
994568200101921,0pj 6 o7,Main Library,Stacks,PJ6 .O7,Orientalia.,n.s.:v.55(1986),Item in place,0123501431886,39097014556014,,,
994568200101921,0pj 6 o7,Main Library,Stacks,PJ6 .O7,Orientalia.,n.s.:v.56(1987),Item in place,0123501431894,39097014556022,,,
994568200101921,0pj 6 o7,Main Library,Stacks,PJ6 .O7,Orientalia.,n.s.:v.57(1988),Item in place,0123501431902,39097014556030,,,
994568200101921,0pj 6 o7,Main Library,Stacks,PJ6 .O7,Orientalia.,n.s.:v.58(1989),Item in place,0123501431910,39097014556048,,,
994568200101921,0pj 6 o7,Main Library,Stacks,PJ6 .O7,Orientalia.,n.s.:v.6(1937),Item in place,0123501431407,39097014556055,,,
994568200101921,0pj 6 o7,Main Library,Stacks,PJ6 .O7,Orientalia.,n.s.:v.7(1938),Item in place,0123501431415,39097014556063,,,
994568200101921,0pj 6 o7,Main Library,Stacks,PJ6 .O7,Orientalia.,n.s.:v.8(1939),Item in place,0123501431423,39097014556071,,,
994568200101921,0pj 6 o7,Main Library,Stacks,PJ6 .O7,Orientalia.,n.s.:v.9(1940),Item in place,0123501431431,39097014556089,,,
998803600101921,"0ds""135 c5 p64 + 0",Main Library,Stacks,+ DS135.C5 P64,Points east.,v.35:no.2(2020:Jul.),Item in place,B2197425,39097014561998,,,
998803600101921,"0ds""135 c5 p64 + 0",Main Library,Stacks,+ DS135.C5 P64,Points east.,v.36:no.1(2021:March),Item in place,B2199898,39097014554936,,,
993864990101921,"0ds""135 p6 p62",Main Library,Stacks,DS135.P6 P62,Polin.,v.10,Item not in place,386499-120,39097009643033,2 on shelf: 39097009162786,,
993864990101921,"0ds""135 p6 p62",Main Library,Stacks,DS135.P6 P62,Polin.,v.11,Item not in place,386499-130,39097010440916,,,
993864990101921,"0ds""135 p6 p62",Main Library,Stacks,DS135.P6 P62,Polin.,v.12,Item not in place,386499-140,39097010560036,,,
993864990101921,"0ds""135 p6 p62",Main Library,Stacks,DS135.P6 P62,Polin.,v.13,Item not in place,386499-150,39097010920362,,,
993864990101921,"0ds""135 p6 p62",Main Library,Stacks,DS135.P6 P62,Polin.,v.14,Item not in place,386499-100,39097011053239,,,
993864990101921,"0ds""135 p6 p62",Main Library,Stacks,DS135.P6 P62,Polin.,v.15,Item not in place,386499-160,39097011081123,,,
993864990101921,"0ds""135 p6 p62",Main Library,Stacks,DS135.P6 P62,Polin.,v.16,Item not in place,386499-170,39097011200467,,,
993864990101921,"0ds""135 p6 p62",Main Library,Stacks,DS135.P6 P62,Polin.,v.17,Item not in place,386499-180,39097012560216,,,
993864990101921,"0ds""135 p6 p62",Main Library,Stacks,DS135.P6 P62,Polin.,v.18,Item not in place,B174620,39097012339116,,,
993864990101921,"0ds""135 p6 p62",Main Library,Stacks,DS135.P6 P62,Polin.,v.19,Item not in place,B198800,39097012128923,,,
993864990101921,"0ds""135 p6 p62",Main Library,Stacks,DS135.P6 P62,Polin.,v.20,Item not in place,B549945,39097012735016,,,
993864990101921,"0ds""135 p6 p62",Main Library,Stacks,DS135.P6 P62,Polin.,v.21,Item not in place,B673517,39097012764594,,,
993864990101921,"0ds""135 p6 p62",Main Library,Stacks,DS135.P6 P62,Polin.,v.22,Item not in place,B915868,39097013418919,,,
993864990101921,"0ds""135 p6 p62",Main Library,Stacks,DS135.P6 P62,Polin.,v.23,Item not in place,B1128959,39097012944014,,,
993864990101921,"0ds""135 p6 p62",Main Library,Stacks,DS135.P6 P62,Polin.,v.24,Item not in place,B1360509,39097013194361,,,
993864990101921,"0ds""135 p6 p62",Main Library,Stacks,DS135.P6 P62,Polin.,v.25,Item not in place,B1477968,39097013737292,,,
993864990101921,"0ds""135 p6 p62",Main Library,Stacks,DS135.P6 P62,Polin.,v.26,Item not in place,B2050520,39097013688909,,,
993864990101921,"0ds""135 p6 p62",Main Library,Stacks,DS135.P6 P62,Polin.,v.28,Item not in place,B2050560,39097013465373,,,
993864990101921,"0ds""135 p6 p62",Main Library,Stacks,DS135.P6 P62,Polin.,v.29,Item not in place,B2062751,39097013510954,,,
993864990101921,"0ds""135 p6 p62",Main Library,Stacks,DS135.P6 P62,Polin.,v.31,Item not in place,B2187168,39097014475157,,,
993864990101921,"0ds""135 p6 p62",Main Library,Stacks,DS135.P6 P62,Polin.,v.32,Item not in place,B2196961,39097014410907,,,
993864990101921,"0ds""135 p6 p62",Main Library,Stacks,DS135.P6 P62,Polin.,v.8,Item not in place,386499-90,39097008297898,,,
993864990101921,"0ds""135 p6 p62",Main Library,Stacks,DS135.P6 P62,Polin.,v.9,Item not in place,386499-110,39097009436776,,,
993774410101921,0bf#1011 s67,Main Library,Stacks,BF1011 .S67,Proceedings.,v. 15 (pts.36-40) 1900-01,Item in place,0123500658935,39097014522008,,,"v.1(1882)-v.20(1906),v.48(1948/1949)-v.49(1949),v.54(1963/1964) committed to retain 20160630 20310630 EAST http://eastlibraries.org/retained-materials MWaIB"
996538170101921,"0ds""135 s7 r35 + 0",Main Library,Stacks,+ DS135.S7 R35,RaiÌces.,no.125(2020-2021:Winter),Item in place,B2199329,39097014554928,,,
996538170101921,"0ds""135 s7 r35 + 0",Main Library,Stacks,+ DS135.S7 R35,RaiÌces.,no.126(2021:Spring),Item in place,B2200890,39097014554910,,,
994608130101921,"0ds""101 r45",Main Library,Stacks,DS101 .R45,Revue des Ã©tudes juives.,v.168:no.1-2(2009:Jan.-June),Item in place,B609108,39097014551817,,,"v.1(1880)-v.68(1914),v.70(1920)-v.86(1928),v.88(1929)- committed to retain 20160630 20310630 EAST http://eastlibraries.org/retained-materials MWaIB"
994608130101921,"0ds""101 r45",Main Library,Stacks,DS101 .R45,Revue des Ã©tudes juives.,v.168:no.3-4(2009:July-Dec.),Item in place,B609109,39097014551825,,,"v.1(1880)-v.68(1914),v.70(1920)-v.86(1928),v.88(1929)- committed to retain 20160630 20310630 EAST http://eastlibraries.org/retained-materials MWaIB"
994608130101921,"0ds""101 r45",Main Library,Stacks,DS101 .R45,Revue des Ã©tudes juives.,v.169:no.1-2(2010:Jan.-June),Item in place,B995325,39097014551833,,,"v.1(1880)-v.68(1914),v.70(1920)-v.86(1928),v.88(1929)- committed to retain 20160630 20310630 EAST http://eastlibraries.org/retained-materials MWaIB"
994608130101921,"0ds""101 r45",Main Library,Stacks,DS101 .R45,Revue des Ã©tudes juives.,v.169:no.3-4(2010:July-Dec.),Item in place,B995326,39097014551841,,,"v.1(1880)-v.68(1914),v.70(1920)-v.86(1928),v.88(1929)- committed to retain 20160630 20310630 EAST http://eastlibraries.org/retained-materials MWaIB"
994608130101921,"0ds""101 r45",Main Library,Stacks,DS101 .R45,Revue des Ã©tudes juives.,v.170:no.1-2(2011:Jan.-June),Item in place,B1068800,39097014551858,,,"v.1(1880)-v.68(1914),v.70(1920)-v.86(1928),v.88(1929)- committed to retain 20160630 20310630 EAST http://eastlibraries.org/retained-materials MWaIB"
994608130101921,"0ds""101 r45",Main Library,Stacks,DS101 .R45,Revue des Ã©tudes juives.,v.170:no.3-4(2011:July-Dec.),Item in place,B1068801,39097014551866,,,"v.1(1880)-v.68(1914),v.70(1920)-v.86(1928),v.88(1929)- committed to retain 20160630 20310630 EAST http://eastlibraries.org/retained-materials MWaIB"
994608130101921,"0ds""101 r45",Main Library,Stacks,DS101 .R45,Revue des Ã©tudes juives.,v.173:no.1-2(2014:Jan.-June),Item in place,B2034796,39097014551874,,,"v.1(1880)-v.68(1914),v.70(1920)-v.86(1928),v.88(1929)- committed to retain 20160630 20310630 EAST http://eastlibraries.org/retained-materials MWaIB"
994608130101921,"0ds""101 r45",Main Library,Stacks,DS101 .R45,Revue des Ã©tudes juives.,v.175:no.3-4(2016:July-Dec. ),Item in place,B2063938,39097014551882,,,"v.1(1880)-v.68(1914),v.70(1920)-v.86(1928),v.88(1929)- committed to retain 20160630 20310630 EAST http://eastlibraries.org/retained-materials MWaIB"
995999500101921,"0bm""520 j47a 0",Main Library,Stacks,BM520 .J47a,"Shenaton ha-mishpaá¹­ ha-Ê»Ivri shel ha-Makhon le-á¸¥eá¸³er ha-mishpaá¹­ ha-Ê»Ivri, ha-Universiá¹­ah ha-Ê»Ivrit bi-Yerushalayim.",v.23(2005),Item in place,599950-170,39097012571700,,,
999833570101921,"0bs""410 s48",Main Library,Stacks,BS410 .S48,Shenaton le-hÌ£ekÌ£er ha-MikÌ£ra vÌ£eha-mizrahÌ£ ha-kÌ£adum.,v.16(2006),Item in place,B236352,39097012520053,,,
996166710101921,"0ds""101 s55",Main Library,Stacks,DS101 .S55,Sinai.,v.1,Item in place,0888800042077,39097014551924,,,
996166710101921,"0ds""101 s55",Main Library,Stacks,DS101 .S55,Sinai.,v.10,Item in place,0888800042168,39097014552393,,,
996166710101921,"0ds""101 s55",Main Library,Stacks,DS101 .S55,Sinai.,v.101(1987-1988:Sept.-Apr.),Item in place,0888800043059,39097014616412,,,
996166710101921,"0ds""101 s55",Main Library,Stacks,DS101 .S55,Sinai.,v.102-104(1988-1989:Apr.-Sept.),Item in place,0888800043067,39097014616297,,,
996166710101921,"0ds""101 s55",Main Library,Stacks,DS101 .S55,Sinai.,v.105-106(1989-1990),Item in place,0888800043075,39097014616529,,,
996166710101921,"0ds""101 s55",Main Library,Stacks,DS101 .S55,Sinai.,v.107-108(1990-1991),Item in place,0888800043083,39097014616404,,,
996166710101921,"0ds""101 s55",Main Library,Stacks,DS101 .S55,Sinai.,v.11,Item in place,0888800042176,39097014552401,,,
996166710101921,"0ds""101 s55",Main Library,Stacks,DS101 .S55,Sinai.,v.12,Item in place,0888800042184,39097014552419,,,
996166710101921,"0ds""101 s55",Main Library,Stacks,DS101 .S55,Sinai.,v.13,Item in place,0888800042192,39097014552427,,,
996166710101921,"0ds""101 s55",Main Library,Stacks,DS101 .S55,Sinai.,v.14,Item in place,0888800042200,39097014552435,,,
996166710101921,"0ds""101 s55",Main Library,Stacks,DS101 .S55,Sinai.,v.15-16,Item in place,0888800042218,39097014552443,,,
996166710101921,"0ds""101 s55",Main Library,Stacks,DS101 .S55,Sinai.,v.17,Item in place,0888800042226,39097014552450,,,
996166710101921,"0ds""101 s55",Main Library,Stacks,DS101 .S55,Sinai.,v.18,Item in place,0888800042234,39097014552468,,,
996166710101921,"0ds""101 s55",Main Library,Stacks,DS101 .S55,Sinai.,v.19,Item in place,0888800042242,39097014552476,,,
996166710101921,"0ds""101 s55",Main Library,Stacks,DS101 .S55,Sinai.,v.2,Item in place,0888800042085,39097014551932,,,
996166710101921,"0ds""101 s55",Main Library,Stacks,DS101 .S55,Sinai.,v.20,Item in place,0888800042259,39097014552492,,,
996166710101921,"0ds""101 s55",Main Library,Stacks,DS101 .S55,Sinai.,v.21,Item in place,0888800042267,39097014552500,,,
996166710101921,"0ds""101 s55",Main Library,Stacks,DS101 .S55,Sinai.,v.22,Item in place,0888800042275,39097014552518,,,
996166710101921,"0ds""101 s55",Main Library,Stacks,DS101 .S55,Sinai.,v.23-24,Item in place,0888800042283,39097014552526,,,
996166710101921,"0ds""101 s55",Main Library,Stacks,DS101 .S55,Sinai.,v.25,Item in place,0888800042291,39097014552534,,,
996166710101921,"0ds""101 s55",Main Library,Stacks,DS101 .S55,Sinai.,v.26,Item in place,0888800042309,39097014552542,,,
996166710101921,"0ds""101 s55",Main Library,Stacks,DS101 .S55,Sinai.,v.27,Item in place,0888800042317,39097014552559,,,
996166710101921,"0ds""101 s55",Main Library,Stacks,DS101 .S55,Sinai.,v.28,Item in place,0888800042325,39097014552567,,,
996166710101921,"0ds""101 s55",Main Library,Stacks,DS101 .S55,Sinai.,v.29,Item in place,0888800042333,39097014552575,,,
996166710101921,"0ds""101 s55",Main Library,Stacks,DS101 .S55,Sinai.,v.3,Item in place,0888800042093,39097014551940,,,
996166710101921,"0ds""101 s55",Main Library,Stacks,DS101 .S55,Sinai.,v.30,Item in place,0888800042341,39097014552583,,,
996166710101921,"0ds""101 s55",Main Library,Stacks,DS101 .S55,Sinai.,v.31,Item in place,0888800042358,39097014552591,,,
996166710101921,"0ds""101 s55",Main Library,Stacks,DS101 .S55,Sinai.,v.32,Item in place,0888800042366,39097014552609,,,
996166710101921,"0ds""101 s55",Main Library,Stacks,DS101 .S55,Sinai.,v.33,Item in place,0888800042374,39097014553771,,,
996166710101921,"0ds""101 s55",Main Library,Stacks,DS101 .S55,Sinai.,v.34,Item in place,0888800042382,39097014553763,,,
996166710101921,"0ds""101 s55",Main Library,Stacks,DS101 .S55,Sinai.,v.35,Item in place,0888800042390,39097014553755,,,
996166710101921,"0ds""101 s55",Main Library,Stacks,DS101 .S55,Sinai.,v.36,Item in place,0888800042408,39097014553748,,,
996166710101921,"0ds""101 s55",Main Library,Stacks,DS101 .S55,Sinai.,v.37,Item in place,0888800042416,39097014553730,,,
996166710101921,"0ds""101 s55",Main Library,Stacks,DS101 .S55,Sinai.,v.38,Item in place,0888800042424,39097014553722,,,
996166710101921,"0ds""101 s55",Main Library,Stacks,DS101 .S55,Sinai.,v.39,Item in place,0888800042432,39097014553714,,,
996166710101921,"0ds""101 s55",Main Library,Stacks,DS101 .S55,Sinai.,v.4,Item in place,0888800042101,39097014551957,,,
996166710101921,"0ds""101 s55",Main Library,Stacks,DS101 .S55,Sinai.,v.40,Item in place,0888800042440,39097014553706,,,
996166710101921,"0ds""101 s55",Main Library,Stacks,DS101 .S55,Sinai.,v.41,Item in place,0888800042457,39097014553698,,,
996166710101921,"0ds""101 s55",Main Library,Stacks,DS101 .S55,Sinai.,v.42,Item in place,0888800042465,39097014553656,,,
996166710101921,"0ds""101 s55",Main Library,Stacks,DS101 .S55,Sinai.,v.43,Item in place,0888800042473,39097014553649,,,
996166710101921,"0ds""101 s55",Main Library,Stacks,DS101 .S55,Sinai.,v.44,Item in place,0888800042481,39097014553631,,,
996166710101921,"0ds""101 s55",Main Library,Stacks,DS101 .S55,Sinai.,v.45,Item in place,0888800042499,39097014553623,,,
996166710101921,"0ds""101 s55",Main Library,Stacks,DS101 .S55,Sinai.,v.46,Item in place,0888800042507,39097014553615,,,
996166710101921,"0ds""101 s55",Main Library,Stacks,DS101 .S55,Sinai.,v.47,Item in place,0888800042515,39097014553607,,,
996166710101921,"0ds""101 s55",Main Library,Stacks,DS101 .S55,Sinai.,v.48,Item in place,0888800042523,39097014553599,,,
996166710101921,"0ds""101 s55",Main Library,Stacks,DS101 .S55,Sinai.,v.49,Item in place,0888800042531,39097014553581,,,
996166710101921,"0ds""101 s55",Main Library,Stacks,DS101 .S55,Sinai.,v.5,Item in place,0888800042119,39097014551965,,,
996166710101921,"0ds""101 s55",Main Library,Stacks,DS101 .S55,Sinai.,v.50,Item in place,0888800042549,39097014553573,,,
996166710101921,"0ds""101 s55",Main Library,Stacks,DS101 .S55,Sinai.,v.51,Item in place,0888800042556,39097014553219,,,
996166710101921,"0ds""101 s55",Main Library,Stacks,DS101 .S55,Sinai.,v.52,Item in place,0888800042564,39097014553227,,,
996166710101921,"0ds""101 s55",Main Library,Stacks,DS101 .S55,Sinai.,v.53,Item in place,0888800042572,39097014553235,,,
996166710101921,"0ds""101 s55",Main Library,Stacks,DS101 .S55,Sinai.,v.54,Item in place,0888800042580,39097014553243,,,
996166710101921,"0ds""101 s55",Main Library,Stacks,DS101 .S55,Sinai.,v.55,Item in place,0888800042598,39097014553250,,,
996166710101921,"0ds""101 s55",Main Library,Stacks,DS101 .S55,Sinai.,v.56,Item in place,0888800042606,39097014553268,,,
996166710101921,"0ds""101 s55",Main Library,Stacks,DS101 .S55,Sinai.,v.57,Item in place,0888800042614,39097014553276,,,
996166710101921,"0ds""101 s55",Main Library,Stacks,DS101 .S55,Sinai.,v.58,Item in place,0888800042622,39097014553284,,,
996166710101921,"0ds""101 s55",Main Library,Stacks,DS101 .S55,Sinai.,v.59,Item in place,0888800042630,39097014553292,,,
996166710101921,"0ds""101 s55",Main Library,Stacks,DS101 .S55,Sinai.,v.6,Item in place,0888800042127,39097014551973,,,
996166710101921,"0ds""101 s55",Main Library,Stacks,DS101 .S55,Sinai.,v.60,Item in place,0888800042648,39097014553300,,,
996166710101921,"0ds""101 s55",Main Library,Stacks,DS101 .S55,Sinai.,v.61,Item in place,0888800042655,39097014553318,,,
996166710101921,"0ds""101 s55",Main Library,Stacks,DS101 .S55,Sinai.,v.62,Item in place,0888800042663,39097014553326,,,
996166710101921,"0ds""101 s55",Main Library,Stacks,DS101 .S55,Sinai.,v.63,Item in place,0888800042671,39097014553334,,,
996166710101921,"0ds""101 s55",Main Library,Stacks,DS101 .S55,Sinai.,v.64,Item in place,0888800042689,39097014553342,,,
996166710101921,"0ds""101 s55",Main Library,Stacks,DS101 .S55,Sinai.,v.65,Item in place,0888800042697,39097014553458,,,
996166710101921,"0ds""101 s55",Main Library,Stacks,DS101 .S55,Sinai.,v.66,Item in place,0888800042705,39097014553466,,,
996166710101921,"0ds""101 s55",Main Library,Stacks,DS101 .S55,Sinai.,v.67,Item in place,0888800042713,39097014553359,,,
996166710101921,"0ds""101 s55",Main Library,Stacks,DS101 .S55,Sinai.,v.68,Item in place,0888800042721,39097014553474,,,
996166710101921,"0ds""101 s55",Main Library,Stacks,DS101 .S55,Sinai.,v.69,Item in place,0888800042739,39097014553367,,,
996166710101921,"0ds""101 s55",Main Library,Stacks,DS101 .S55,Sinai.,v.7,Item in place,0888800042135,39097014551981,,,
996166710101921,"0ds""101 s55",Main Library,Stacks,DS101 .S55,Sinai.,v.70,Item in place,0888800042747,39097014553482,,,
996166710101921,"0ds""101 s55",Main Library,Stacks,DS101 .S55,Sinai.,v.71,Item in place,0888800042754,39097014553375,,,
996166710101921,"0ds""101 s55",Main Library,Stacks,DS101 .S55,Sinai.,v.72,Item in place,0888800042762,39097014553383,,,
996166710101921,"0ds""101 s55",Main Library,Stacks,DS101 .S55,Sinai.,v.73,Item in place,0888800042770,39097014553391,,,
996166710101921,"0ds""101 s55",Main Library,Stacks,DS101 .S55,Sinai.,v.74,Item in place,0888800042788,39097014553409,,,
996166710101921,"0ds""101 s55",Main Library,Stacks,DS101 .S55,Sinai.,v.75,Item in place,0888800042796,39097014553417,,,
996166710101921,"0ds""101 s55",Main Library,Stacks,DS101 .S55,Sinai.,v.76,Item in place,0888800042804,39097014553425,,,
996166710101921,"0ds""101 s55",Main Library,Stacks,DS101 .S55,Sinai.,v.77,Item in place,0888800042812,39097014553433,,,
996166710101921,"0ds""101 s55",Main Library,Stacks,DS101 .S55,Sinai.,v.78,Item in place,0888800042820,39097014553441,,,
996166710101921,"0ds""101 s55",Main Library,Stacks,DS101 .S55,Sinai.,v.79,Item in place,0888800042838,39097014553565,,,
996166710101921,"0ds""101 s55",Main Library,Stacks,DS101 .S55,Sinai.,v.8,Item in place,0888800042143,39097014551999,,,
996166710101921,"0ds""101 s55",Main Library,Stacks,DS101 .S55,Sinai.,v.80,Item in place,0888800042846,39097014553557,,,
996166710101921,"0ds""101 s55",Main Library,Stacks,DS101 .S55,Sinai.,v.81,Item in place,0888800042853,39097014553524,,,
996166710101921,"0ds""101 s55",Main Library,Stacks,DS101 .S55,Sinai.,v.82,Item in place,0888800042861,39097014553540,,,
996166710101921,"0ds""101 s55",Main Library,Stacks,DS101 .S55,Sinai.,v.83,Item in place,0888800042879,39097014553532,,,
996166710101921,"0ds""101 s55",Main Library,Stacks,DS101 .S55,Sinai.,v.84,Item in place,0888800042887,39097014552641,,,
996166710101921,"0ds""101 s55",Main Library,Stacks,DS101 .S55,Sinai.,v.85,Item in place,0888800042895,39097014552633,,,
996166710101921,"0ds""101 s55",Main Library,Stacks,DS101 .S55,Sinai.,v.86,Item in place,0888800042903,39097014552625,,,
996166710101921,"0ds""101 s55",Main Library,Stacks,DS101 .S55,Sinai.,v.87,Item in place,0888800042911,39097014552617,,,
996166710101921,"0ds""101 s55",Main Library,Stacks,DS101 .S55,Sinai.,v.88-89,Item in place,0888800042929,39097014553490,,,
996166710101921,"0ds""101 s55",Main Library,Stacks,DS101 .S55,Sinai.,v.9,Item in place,0888800042150,39097014552005,,,
996166710101921,"0ds""101 s55",Main Library,Stacks,DS101 .S55,Sinai.,v.90,Item in place,0888800042937,39097014553508,,,
996166710101921,"0ds""101 s55",Main Library,Stacks,DS101 .S55,Sinai.,v.91(1982:Mar.-Aug.),Item in place,0888800042945,39097014553516,,,
996166710101921,"0ds""101 s55",Main Library,Stacks,DS101 .S55,Sinai.,v.92(1982-1983:Sept.-Mar.),Item in place,0888800042952,39097014552658,,,
996166710101921,"0ds""101 s55",Main Library,Stacks,DS101 .S55,Sinai.,v.93(1983:Apr.-Aug.),Item in place,0888800042960,39097014552708,,,
996166710101921,"0ds""101 s55",Main Library,Stacks,DS101 .S55,Sinai.,v.94(1983-1984:Sept.-Mar.),Item in place,0888800042978,39097014552682,,,
996166710101921,"0ds""101 s55",Main Library,Stacks,DS101 .S55,Sinai.,v.95(1984:Apr.-Sept.),Item in place,0888800042986,39097014552690,,,
996166710101921,"0ds""101 s55",Main Library,Stacks,DS101 .S55,Sinai.,v.96(1985-1986:Sept.-Mar.),Item in place,0888800042994,39097014552674,,,
996166710101921,"0ds""101 s55",Main Library,Stacks,DS101 .S55,Sinai.,v.97(1986:Mar.-Sept.),Item in place,0888800043000,39097014552666,,,
996166710101921,"0ds""101 s55",Main Library,Stacks,DS101 .S55,Sinai.,v.99(1986:Apr.-Aug.),Item in place,0888800043026,39097014552724,,,
993773570101921,"0bs""620 a1 b52",Main Library,Stacks,BS620.A1 B52,The Biblical archaeology review.,v.1-3(1975-1977),Item in place,0123500653761,39097014551692,,,
993773570101921,"0bs""620 a1 b52",Main Library,Stacks,BS620.A1 B52,The Biblical archaeology review.,v.10(1984),Item in place,0123500653811,39097014551718,,,
993773570101921,"0bs""620 a1 b52",Main Library,Stacks,BS620.A1 B52,The Biblical archaeology review.,v.11(1985),Item in place,0123500653829,39097014551700,,,
993773570101921,"0bs""620 a1 b52",Main Library,Stacks,BS620.A1 B52,The Biblical archaeology review.,v.12(1986),Item in place,0123500653837,39097014551726,,,
993773570101921,"0bs""620 a1 b52",Main Library,Stacks,BS620.A1 B52,The Biblical archaeology review.,v.13(1987),Item in place,0123500653845,39097014551734,,,
993773570101921,"0bs""620 a1 b52",Main Library,Stacks,BS620.A1 B52,The Biblical archaeology review.,v.14(1988),Item in place,0123500653852,39097014551627,,,
993773570101921,"0bs""620 a1 b52",Main Library,Stacks,BS620.A1 B52,The Biblical archaeology review.,v.15(1989),Item in place,0123500653860,39097014551742,,,
993773570101921,"0bs""620 a1 b52",Main Library,Stacks,BS620.A1 B52,The Biblical archaeology review.,v.16(1990),Item in place,0123500653878,39097014551635,,,
993773570101921,"0bs""620 a1 b52",Main Library,Stacks,BS620.A1 B52,The Biblical archaeology review.,v.17(1991),Item in place,0123500653886,39097014551643,,,
993773570101921,"0bs""620 a1 b52",Main Library,Stacks,BS620.A1 B52,The Biblical archaeology review.,v.4-5(1978-1979),Item in place,0123500653779,39097014551775,,,
993773570101921,"0bs""620 a1 b52",Main Library,Stacks,BS620.A1 B52,The Biblical archaeology review.,v.8(1982),Item in place,0123500653795,39097014551890,,,
993773570101921,"0bs""620 a1 b52",Main Library,Stacks,BS620.A1 B52,The Biblical archaeology review.,v.9(1983),Item in place,0123500653803,39097014551908,,,
994030320101921,0pj#5120 a1 b664 + 0,Main Library,Stacks,+ PJ5120.A1 B664,The book peddler = [Der pakÌ£n-tÌ£reger] : newsletter of the National Yiddish Book Exchange.,no.1-8(1981-1987),Item in place,0123500947494,39097014556279,,,
993822000101921,0b 1 i6,Main Library,Stacks,B1 .I6,The Indian journal of philosophy.,,Item in place,0123500787528,39097014550504,,,v.2(1961)-v.4(1964) committed to retain 20160630 20310630 EAST http://eastlibraries.org/retained-materials MWaIB
994799150101921,"0ds""101 j3525",Main Library,Judaica Current Periodicals,DS101 .J3525,The Jerusalem report.,v.32:no.1(2021:Jan. 11),Item in place,B2199414,39097014554951,Judaica Reading Room,,
994799150101921,"0ds""101 j3525",Main Library,Judaica Current Periodicals,DS101 .J3525,The Jerusalem report.,v.32:no.11(2021:June 7),Item in place,B2201401,39097014555032,Judaica Reading Room,,
994799150101921,"0ds""101 j3525",Main Library,Judaica Current Periodicals,DS101 .J3525,The Jerusalem report.,v.32:no.2(2021:Jan. 25),Item in place,B2200137,39097014554969,Judaica Reading Room,,
994799150101921,"0ds""101 j3525",Main Library,Judaica Current Periodicals,DS101 .J3525,The Jerusalem report.,v.32:no.3(2021:Feb. 8),Item in place,B2199914,39097014554977,Judaica Reading Room,,
994799150101921,"0ds""101 j3525",Main Library,Judaica Current Periodicals,DS101 .J3525,The Jerusalem report.,v.32:no.4(2021:Feb. 22),Item in place,B2199916,39097014554985,Judaica Reading Room,,
994799150101921,"0ds""101 j3525",Main Library,Judaica Current Periodicals,DS101 .J3525,The Jerusalem report.,v.32:no.6(2021:March 22),Item in place,B2200299,39097014554993,Judaica Reading Room,,
994799150101921,"0ds""101 j3525",Main Library,Judaica Current Periodicals,DS101 .J3525,The Jerusalem report.,v.32:no.7(2021:April 5),Item in place,B2200475,39097014555008,Judaica Reading Room,,
994799150101921,"0ds""101 j3525",Main Library,Judaica Current Periodicals,DS101 .J3525,The Jerusalem report.,v.32:no.8(2021:April 19),Item in place,B2200618,39097014555016,Judaica Reading Room,,
994799150101921,"0ds""101 j3525",Main Library,Judaica Current Periodicals,DS101 .J3525,The Jerusalem report.,v.32:no.9(2021:May 3),Item in place,B2200879,39097014555024,Judaica Reading Room,,
99300550101921,"0bm""520 j48",Main Library,Stacks,BM520 .J48,The Jewish law annual.,v.10,Item in place,0123500014774,39097014561915,,,
99300550101921,"0bm""520 j48",Main Library,Stacks,BM520 .J48,The Jewish law annual.,v.2,Item in place,0123500014691,39097014561923,,,
99300550101921,"0bm""520 j48",Main Library,Stacks,BM520 .J48,The Jewish law annual.,v.3,Item in place,0123500014709,39097014561931,,,
99300550101921,"0bm""520 j48",Main Library,Stacks,BM520 .J48,The Jewish law annual.,v.4,Item in place,0123500014717,39097014561949,,,
99300550101921,"0bm""520 j48",Main Library,Stacks,BM520 .J48,The Jewish law annual.,v.5,Item in place,0123500014725,39097014561956,,,
99300550101921,"0bm""520 j48",Main Library,Stacks,BM520 .J48,The Jewish law annual.,v.7,Item in place,0123500014741,39097014561964,,,
99300550101921,"0bm""520 j48",Main Library,Stacks,BM520 .J48,The Jewish law annual.,v.8,Item in place,0123500014758,39097014561972,,,
99300550101921,"0bm""520 j48",Main Library,Stacks,BM520 .J48,The Jewish law annual.,v.9,Item in place,0123500014766,39097014561980,,,
991839870101921,0ds!35.3 m88 + 0,Main Library,Stacks,+ DS35.3 .M88,The Muslim world book review.,v.3(1982-1983:fall-sum.),Item in place,0123500102249,39097014555115,,,
991839870101921,0ds!35.3 m88 + 0,Main Library,Stacks,+ DS35.3 .M88,The Muslim world book review.,v.36:no.4 (Sum. 2016),Item in place,B2054282,39097014329164,,,
991839870101921,0ds!35.3 m88 + 0,Main Library,Stacks,+ DS35.3 .M88,The Muslim world book review.,v.4(1983-1984:fall-sum.),Item in place,0123500102256,39097014555123,,,
991839870101921,0ds!35.3 m88 + 0,Main Library,Stacks,+ DS35.3 .M88,The Muslim world book review.,v.5(1984-1985:fall-sum.),Item in place,0123500102264,39097014555131,,,
991839870101921,0ds!35.3 m88 + 0,Main Library,Stacks,+ DS35.3 .M88,The Muslim world book review.,v.6(1985-1986:fall-sum.),Item in place,0123500102272,39097014555149,,,
991839870101921,0ds!35.3 m88 + 0,Main Library,Stacks,+ DS35.3 .M88,The Muslim world book review.,v.7(1986-1987:fall-sum.),Item in place,0123500102280,39097014555156,,,
993720390101921,0ds!63.1 n48 + 0,Main Library,Stacks,+ DS63.1 .N48,The New Middle East.,n.1-15 1968/69,Item in place,0123500545173,39097014551783,,,"n.1(1968)-n.26(1970),n.29(1971)-n.56(1973) committed to retain 20160630 20310630 EAST http://eastlibraries.org/retained-materials MWaIB"
993720390101921,0ds!63.1 n48 + 0,Main Library,Stacks,+ DS63.1 .N48,The New Middle East.,n.40-51 1972,Item not in place,0123500545181,39097014551809,,,"n.1(1968)-n.26(1970),n.29(1971)-n.56(1973) committed to retain 20160630 20310630 EAST http://eastlibraries.org/retained-materials MWaIB"
994407920101921,"0b""689 z7 a162",Main Library,Stacks,B689.Z7 A162,The Studia Philonica annual : studies in Hellenistic Judaism.,v.1(1989),Item in place,0123501107155,39097014550447,,,
994407920101921,"0b""689 z7 a162",Main Library,Stacks,B689.Z7 A162,The Studia Philonica annual : studies in Hellenistic Judaism.,v.3(1991),Item in place,0123501107163,39097014550330,,,
994407920101921,"0b""689 z7 a162",Main Library,Stacks,B689.Z7 A162,The Studia Philonica annual : studies in Hellenistic Judaism.,v.4(1992),Item in place,0123501107171,39097014550439,,,
994599290101921,0bm 1 t72,Main Library,Stacks,BM1 .T72,Tradition.,Index: v.1-10(1958-1969),Item in place,0123501494058,39097014550967,,,
994599290101921,0bm 1 t72,Main Library,Stacks,BM1 .T72,Tradition.,v.1(1958-1959:fall-spr.),Item in place,0123501493951,39097014550975,,,
994599290101921,0bm 1 t72,Main Library,Stacks,BM1 .T72,Tradition.,v.10(1969:summer),Item in place,0123501494041,39097014550983,,,
994599290101921,0bm 1 t72,Main Library,Stacks,BM1 .T72,Tradition.,v.11(1970-1971:fall-spr.),Item in place,0123501494066,39097014550991,,,
994599290101921,0bm 1 t72,Main Library,Stacks,BM1 .T72,Tradition.,v.12(1971-1972:sum.-spr.),Item in place,0123501494074,39097014551007,,,
994599290101921,0bm 1 t72,Main Library,Stacks,BM1 .T72,Tradition.,v.13-14(1972-1973:summer),Item in place,0123501494082,39097014551015,,,
994599290101921,0bm 1 t72,Main Library,Stacks,BM1 .T72,Tradition.,v.14(1973-1974:fall),Item in place,0123501494090,39097014550876,,,
994599290101921,0bm 1 t72,Main Library,Stacks,BM1 .T72,Tradition.,v.15(1975-1976:spring),Item in place,0123501494108,39097014550884,,,
994599290101921,0bm 1 t72,Main Library,Stacks,BM1 .T72,Tradition.,v.16(1976-1977:summer),Item in place,0123501494116,39097014550892,,,
994599290101921,0bm 1 t72,Main Library,Stacks,BM1 .T72,Tradition.,v.17(1977-1979:fall-spr.),Item in place,0123501494124,39097014550900,,,
994599290101921,0bm 1 t72,Main Library,Stacks,BM1 .T72,Tradition.,v.18(1979-1980:sum.-win.),Item in place,0123501494132,39097014550918,,,
994599290101921,0bm 1 t72,Main Library,Stacks,BM1 .T72,Tradition.,v.19(1981),Item in place,0123501494140,39097014550926,,,
994599290101921,0bm 1 t72,Main Library,Stacks,BM1 .T72,Tradition.,v.2(1959-1960:fall-spr.),Item in place,0123501493969,39097014551023,,,
994599290101921,0bm 1 t72,Main Library,Stacks,BM1 .T72,Tradition.,v.20(1982),Item in place,0123501494157,39097014551031,,,
994599290101921,0bm 1 t72,Main Library,Stacks,BM1 .T72,Tradition.,v.22(1986),Item in place,0123501494173,39097014551049,,,
994599290101921,0bm 1 t72,Main Library,Stacks,BM1 .T72,Tradition.,v.23(1987-1988:summer),Item in place,0123501494181,39097014551056,,,
994599290101921,0bm 1 t72,Main Library,Stacks,BM1 .T72,Tradition.,v.24(1988-1989:fall-sum.),Item in place,0123501494199,39097014551064,,,
994599290101921,0bm 1 t72,Main Library,Stacks,BM1 .T72,Tradition.,v.25(1989-1991:fall-sum.),Item in place,0123501494207,39097014551072,,,
994599290101921,0bm 1 t72,Main Library,Stacks,BM1 .T72,Tradition.,v.26(1991-1992:fall-sum.),Item in place,0123501494215,39097014551080,,,
994599290101921,0bm 1 t72,Main Library,Stacks,BM1 .T72,Tradition.,v.3(1960-1961:fall-spr.),Item in place,0123501493977,39097014551098,,,
994599290101921,0bm 1 t72,Main Library,Stacks,BM1 .T72,Tradition.,v.4(1961-1962:fall-spr.),Item in place,0123501493985,39097014551106,,,
994599290101921,0bm 1 t72,Main Library,Stacks,BM1 .T72,Tradition.,v.49:no.4(2016:Win. ),Item in place,B2063072,39097014551114,,,
994599290101921,0bm 1 t72,Main Library,Stacks,BM1 .T72,Tradition.,v.5(1962-1963:fall-spr.),Item in place,0123501493993,39097014551130,,,
994599290101921,0bm 1 t72,Main Library,Stacks,BM1 .T72,Tradition.,v.53:no.1(2021:Winter),Item in place,B2199613,39097014550959,,,
994599290101921,0bm 1 t72,Main Library,Stacks,BM1 .T72,Tradition.,v.53:no.2(2021:Spring),Item in place,B2200583,39097014550934,,,
994599290101921,0bm 1 t72,Main Library,Stacks,BM1 .T72,Tradition.,v.6(1963-1964:fall-spr.),Item in place,0123501494009,39097014551148,,,
994599290101921,0bm 1 t72,Main Library,Stacks,BM1 .T72,Tradition.,v.7-8(1964-1966:win.-spr.),Item in place,0123501494017,39097014551155,,,
994599290101921,0bm 1 t72,Main Library,Stacks,BM1 .T72,Tradition.,v.8(1966:sum.-win.),Item in place,0123501494025,39097014551163,,,
994599290101921,0bm 1 t72,Main Library,Stacks,BM1 .T72,Tradition.,v.9(1967-1968:spring),Item in place,0123501494033,39097011787182,,,
99940370101921,0pj#4150 u4 + 0,Main Library,Stacks,+ PJ4150 .U4,Ugarit-Forschungen.,v.5(1973),Item in place,0123500064753,39097014556238,,,
99940370101921,0pj#4150 u4 + 0,Main Library,Stacks,+ PJ4150 .U4,Ugarit-Forschungen.,v.6(1974),Item in place,0123500064761,39097014556246,,,
99940370101921,0pj#4150 u4 + 0,Main Library,Stacks,+ PJ4150 .U4,Ugarit-Forschungen.,v.8(1976),Item in place,0123500064779,39097014556253,,,
99940370101921,0pj#4150 u4 + 0,Main Library,Stacks,+ PJ4150 .U4,Ugarit-Forschungen.,v.9(1977),Item in place,0123500064787,39097014556261,MISSING. There's no v.9 - there's v.8 c.2. I've put the barcode here instead.,,
993727270101921,0b 8 r9 v6,Main Library,Stacks,B8.R9 V6,Voprosy filosofii.,:no.1-6(1975),Item in place,0123500563622,39097014241450,,,"no.1-6(1951)-, no.1-6(1961)-no.7-12(1965), no.1-2(1968)-no.7-12(1990), no.1-6(1992)-no.1-6(1993), no.1-6(1995)-no.4-6(1997) committed to retain 20160630 20310630 EAST http://eastlibraries.org/retained-materials MWaIB"
998685570101921,"0ds""135 e83 y3",Main Library,Stacks,DS135.E83 Y3,Yad Vashem studies.,v.45:no.1(2017),Item in place,B2070648,39097014555065,,,
998685570101921,"0ds""135 e83 y3",Main Library,Stacks,DS135.E83 Y3,Yad Vashem studies.,v.45:no.2(2017),Item in place,B2178378,39097014555073,,,
998685570101921,"0ds""135 e83 y3",Main Library,Stacks,DS135.E83 Y3,Yad Vashem studies.,v.46:no.1(2018),Item in place,B2183853,39097014555081,46 no.2: 39097014555099,,
996290740101921,"0ds""101 y265",Main Library,Stacks,DS101 .Y265,Yalkut moreshet: le-heker ha-shoah veha-antishemi'ut,no.1-4(1963-65),Item in place,0888800090522,39097014552831,,,
996290740101921,"0ds""101 y265",Main Library,Stacks,DS101 .Y265,Yalkut moreshet: le-heker ha-shoah veha-antishemi'ut,no.10-13(1969-71),Item in place,0888800090548,39097014552823,,,
996290740101921,"0ds""101 y265",Main Library,Stacks,DS101 .Y265,Yalkut moreshet: le-heker ha-shoah veha-antishemi'ut,no.14-16(1972-73),Item in place,0888800090555,39097014552815,,,
996290740101921,"0ds""101 y265",Main Library,Stacks,DS101 .Y265,Yalkut moreshet: le-heker ha-shoah veha-antishemi'ut,no.17-20(1974-75),Item in place,0888800090563,39097014552807,,,
996290740101921,"0ds""101 y265",Main Library,Stacks,DS101 .Y265,Yalkut moreshet: le-heker ha-shoah veha-antishemi'ut,no.21-23(1976-77),Item in place,0888800090571,39097014552799,,,
996290740101921,"0ds""101 y265",Main Library,Stacks,DS101 .Y265,Yalkut moreshet: le-heker ha-shoah veha-antishemi'ut,no.24-26(1977-78),Item in place,0888800090589,39097014552781,,,
996290740101921,"0ds""101 y265",Main Library,Stacks,DS101 .Y265,Yalkut moreshet: le-heker ha-shoah veha-antishemi'ut,no.27-30(1979-80),Item in place,0888800090597,39097014552773,,,
996290740101921,"0ds""101 y265",Main Library,Stacks,DS101 .Y265,Yalkut moreshet: le-heker ha-shoah veha-antishemi'ut,no.31-34(1981-82),Item in place,0888800090605,39097014552765,,,
996290740101921,"0ds""101 y265",Main Library,Stacks,DS101 .Y265,Yalkut moreshet: le-heker ha-shoah veha-antishemi'ut,no.35-38(1983-84),Item in place,0888800090613,39097014552757,,,
996290740101921,"0ds""101 y265",Main Library,Stacks,DS101 .Y265,Yalkut moreshet: le-heker ha-shoah veha-antishemi'ut,no.39-42(1985-86),Item in place,0888800090621,39097014552740,,,
996290740101921,"0ds""101 y265",Main Library,Stacks,DS101 .Y265,Yalkut moreshet: le-heker ha-shoah veha-antishemi'ut,no.43-45(1987-88),Item in place,0888800090639,39097014552732,,,
996290740101921,"0ds""101 y265",Main Library,Stacks,DS101 .Y265,Yalkut moreshet: le-heker ha-shoah veha-antishemi'ut,no.46-49(1989-90),Item in place,0888800090647,39097014552963,,,
996290740101921,"0ds""101 y265",Main Library,Stacks,DS101 .Y265,Yalkut moreshet: le-heker ha-shoah veha-antishemi'ut,no.5-9(1966-68),Item in place,0888800090530,39097014552955,,,
997748180101921,"0bm""520 y397",Main Library,Stacks,BM520 .Y397,Yeshurun : meÊ¾asef torani.,v.15(2005),Item in place,774818-150,39097012561503,,,
997748180101921,"0bm""520 y397",Main Library,Stacks,BM520 .Y397,Yeshurun : meÊ¾asef torani.,v.23(2010),Item in place,B1287844,39097013157590,,,
997748180101921,"0bm""520 y397",Main Library,Stacks,BM520 .Y397,Yeshurun : meÊ¾asef torani.,v.25(2011),Item in place,B1387760,39097013157582,,,
994608140101921,"0ds""101 y52",Main Library,Stacks,DS101 .Y52,Yivo annual of Jewish social science.,v. 5 1950,Item not in place,0123501518369,39097014553086,,,v.1(1946)-v.18(1983) committed to retain 20160630 20310630 EAST http://eastlibraries.org/retained-materials MWaIB
993773610101921,"0bs""410 z4",Main Library,Stacks,BS410 .Z4,Zeitschrift fÃ¼r die alttestamentliche Wissenschaft.,v.120:no.1(2008:Mar.),Item in place,B387502,39097014551650,,,v.1(1881)-v.120(2008) committed to retain 20160630 20310630 EAST http://eastlibraries.org/retained-materials MWaIB
993773610101921,"0bs""410 z4",Main Library,Stacks,BS410 .Z4,Zeitschrift fÃ¼r die alttestamentliche Wissenschaft.,v.120:no.2(2008:June),Item in place,B387503,39097014551668,,,v.1(1881)-v.120(2008) committed to retain 20160630 20310630 EAST http://eastlibraries.org/retained-materials MWaIB
993773610101921,"0bs""410 z4",Main Library,Stacks,BS410 .Z4,Zeitschrift fÃ¼r die alttestamentliche Wissenschaft.,v.120:no.3(2008:Sep.),Item in place,B387504,39097014551676,,,v.1(1881)-v.120(2008) committed to retain 20160630 20310630 EAST http://eastlibraries.org/retained-materials MWaIB
993773610101921,"0bs""410 z4",Main Library,Stacks,BS410 .Z4,Zeitschrift fÃ¼r die alttestamentliche Wissenschaft.,v.120:no.4(2008:Dec.),Item in place,B387505,39097014551684,,,v.1(1881)-v.120(2008) committed to retain 20160630 20310630 EAST http://eastlibraries.org/retained-materials MWaIB
9923378392801921,0b 3 z38,Main Library,Stacks,B3 .Z38,Zeitschrift fuÌˆr Ideengeschichte.,v.11:no.1(2017:Spr. ),Item in place,B2065413,39097014550496,,,
9923378392801921,0b 3 z38,Main Library,Stacks,B3 .Z38,Zeitschrift fuÌˆr Ideengeschichte.,v.11:no.2(2017:Sum. ),Item in place,B2066751,39097014550488,,,
9923378392801921,0b 3 z38,Main Library,Stacks,B3 .Z38,Zeitschrift fuÌˆr Ideengeschichte.,v.11:no.3(2017:Fall),Item in place,B2069829,39097014550470,,,
9923378392801921,0b 3 z38,Main Library,Stacks,B3 .Z38,Zeitschrift fuÌˆr Ideengeschichte.,v.11:no.4(2017:Win.),Item in place,B2175429,39097014550462,,,
9923378392801921,0b 3 z38,Main Library,Stacks,B3 .Z38,Zeitschrift fuÌˆr Ideengeschichte.,v.13:no.2(2019:Sum.),Item in place,B2189311,39097014550454,,,
