MMS Id,Normalized Call Number,Library Name,Location Name,Permanent Call Number,Title,Description,Base Status,Barcode,Scanned Barcode,Notes/Comments,Retention Commitment
996227750101921,0r!97.7 h4 k6,Main Library,Stacks,R97.7.H4 K6,á¸²orot.,v.4(1966-1968),Item in place,B52850,39097014541693,First 5 bound sets of Korot have the title written in Hebrew on the spine,
993179510101921,0p!99.4 p72 j68,Main Library,Stacks,P99.4.P72 J68,Journal of pragmatics.,v. 1 1977,Item in place,0123500141114,39097003336857,I am not sure which one this is supposed to be ,v.1(1977)-v.16(1991). committed to retain 20160630 20310630 EAST http://eastlibraries.org/retained-materials MWaIB
993644850101921,0rf 1 j6,Main Library,Stacks,RF1 .J6,The Journal of auditory research.,v. 12 1972 & Index v.1-12,Item in place,0123500353420,39097014524202,index has separate barcode ,v.1(1961)- committed to retain 20160630 20310630 EAST http://eastlibraries.org/retained-materials MWaIB
992831140101921,0z#2231 b52,Main Library,Stacks,Z2231 .B52,Bibliographie der deutschen Sprach- und Literaturwissenschaft.,v.10(1970),Item in place,0123500130778,39097014542428,,
992831140101921,0z#2231 b52,Main Library,Stacks,Z2231 .B52,Bibliographie der deutschen Sprach- und Literaturwissenschaft.,v.11(1971),Item in place,0123500130786,39097014542436,,
992831140101921,0z#2231 b52,Main Library,Stacks,Z2231 .B52,Bibliographie der deutschen Sprach- und Literaturwissenschaft.,v.12(1972),Item in place,0123500130794,39097014542444,,
992831140101921,0z#2231 b52,Main Library,Stacks,Z2231 .B52,Bibliographie der deutschen Sprach- und Literaturwissenschaft.,v.13(1973),Item in place,0123500130802,39097014542451,,
992831140101921,0z#2231 b52,Main Library,Stacks,Z2231 .B52,Bibliographie der deutschen Sprach- und Literaturwissenschaft.,v.14(1974),Item in place,0123500130810,39097014542469,,
992831140101921,0z#2231 b52,Main Library,Stacks,Z2231 .B52,Bibliographie der deutschen Sprach- und Literaturwissenschaft.,v.15(1975),Item in place,0123500130828,39097014542477,,
992831140101921,0z#2231 b52,Main Library,Stacks,Z2231 .B52,Bibliographie der deutschen Sprach- und Literaturwissenschaft.,v.16(1976),Item in place,0123500130836,39097014542485,,
992831140101921,0z#2231 b52,Main Library,Stacks,Z2231 .B52,Bibliographie der deutschen Sprach- und Literaturwissenschaft.,v.17(1977),Item in place,0123500130844,39097014542493,,
992831140101921,0z#2231 b52,Main Library,Stacks,Z2231 .B52,Bibliographie der deutschen Sprach- und Literaturwissenschaft.,v.18(1978),Item in place,0123500130851,39097014542501,,
992831140101921,0z#2231 b52,Main Library,Stacks,Z2231 .B52,Bibliographie der deutschen Sprach- und Literaturwissenschaft.,v.19(1979),Item in place,0123500130869,39097014542519,,
992831140101921,0z#2231 b52,Main Library,Stacks,Z2231 .B52,Bibliographie der deutschen Sprach- und Literaturwissenschaft.,v.20(1980),Item in place,0123500130877,39097014542527,,
992831140101921,0z#2231 b52,Main Library,Stacks,Z2231 .B52,Bibliographie der deutschen Sprach- und Literaturwissenschaft.,v.21(1981),Item in place,0123500130885,39097014542535,,
992831140101921,0z#2231 b52,Main Library,Stacks,Z2231 .B52,Bibliographie der deutschen Sprach- und Literaturwissenschaft.,v.22(1982),Item in place,0123500130893,39097014542543,,
992831140101921,0z#2231 b52,Main Library,Stacks,Z2231 .B52,Bibliographie der deutschen Sprach- und Literaturwissenschaft.,v.23(1983),Item in place,0123500130901,39097014542550,,
992831140101921,0z#2231 b52,Main Library,Stacks,Z2231 .B52,Bibliographie der deutschen Sprach- und Literaturwissenschaft.,v.24(1984),Item in place,0123500130919,39097014542568,,
992831140101921,0z#2231 b52,Main Library,Stacks,Z2231 .B52,Bibliographie der deutschen Sprach- und Literaturwissenschaft.,v.25(1985),Item in place,0123500130927,39097014542576,,
992831140101921,0z#2231 b52,Main Library,Stacks,Z2231 .B52,Bibliographie der deutschen Sprach- und Literaturwissenschaft.,v.26(1986),Item in place,0123500130935,39097014542584,,
992831140101921,0z#2231 b52,Main Library,Stacks,Z2231 .B52,Bibliographie der deutschen Sprach- und Literaturwissenschaft.,v.28(1988),Item in place,0123500130950,39097014542592,,
992831140101921,0z#2231 b52,Main Library,Stacks,Z2231 .B52,Bibliographie der deutschen Sprach- und Literaturwissenschaft.,v.29(1989),Item in place,0123500130968,39097014542600,,
992831140101921,0z#2231 b52,Main Library,Stacks,Z2231 .B52,Bibliographie der deutschen Sprach- und Literaturwissenschaft.,v.30(1990),Item in place,0123500130976,39097014542618,,
992831040101921,0z#2230 k94,Main Library,Stacks,Z2230 .K94,KuÌˆrschners deutscher literatur-kalender.,v.1(2006-2007),Item in place,0123500130687,39097014541214,,
992831040101921,0z#2230 k94,Main Library,Stacks,Z2230 .K94,KuÌˆrschners deutscher literatur-kalender.,v.2(2006-2007),Item in place,0123500130679,39097014542410,,
996534230101921,"0ps""301 p653 + 0",Main Library,Stacks,+ PS301 .P653,American poets : the journal of the Academy of American Poets.,no.50(2016:Spr.-Sum.),Item in place,B2051123,39097014541602,,
99305850101921,0pq#4001 c75,Main Library,Stacks,PQ4001 .C75,Critica letteraria.,v.6(1978),Item in place,0123500014931,39097014541248,,
99305850101921,0pq#4001 c75,Main Library,Stacks,PQ4001 .C75,Critica letteraria.,v.7(1979),Item in place,0123500014949,39097014541362,,
99305850101921,0pq#4001 c75,Main Library,Stacks,PQ4001 .C75,Critica letteraria.,v.8(1980),Item in place,0123500014956,39097014541354,,
99305850101921,0pq#4001 c75,Main Library,Stacks,PQ4001 .C75,Critica letteraria.,v.9(1981),Item in place,0123500014964,39097014541230,,
993722230101921,0pa 9 c5,Main Library,Stacks,PA9 .C5,Classica et mediaevalia.,v.1-2(1938-1939),Item in place,0123500549712,39097014540018,,
993722230101921,0pa 9 c5,Main Library,Stacks,PA9 .C5,Classica et mediaevalia.,v.11-12(1950-1951),Item in place,0123500549761,39097014540026,,
993722230101921,0pa 9 c5,Main Library,Stacks,PA9 .C5,Classica et mediaevalia.,v.13-14(1952-1953),Item in place,0123500549779,39097014540034,,
993722230101921,0pa 9 c5,Main Library,Stacks,PA9 .C5,Classica et mediaevalia.,v.15-16(1954-1955),Item in place,0123500549787,39097014540042,,
993722230101921,0pa 9 c5,Main Library,Stacks,PA9 .C5,Classica et mediaevalia.,v.17-18(1956-1957),Item in place,0123500549795,39097014540059,,
993722230101921,0pa 9 c5,Main Library,Stacks,PA9 .C5,Classica et mediaevalia.,v.19-20(1958-1959),Item in place,0123500549803,39097014540067,,
993722230101921,0pa 9 c5,Main Library,Stacks,PA9 .C5,Classica et mediaevalia.,v.21-22(1960-1961),Item in place,0123500549811,39097014540075,,
993722230101921,0pa 9 c5,Main Library,Stacks,PA9 .C5,Classica et mediaevalia.,v.23(1962),Item in place,0123500549829,39097014540083,,
993722230101921,0pa 9 c5,Main Library,Stacks,PA9 .C5,Classica et mediaevalia.,v.24(1963),Item in place,0123500549837,39097014540091,,
993722230101921,0pa 9 c5,Main Library,Stacks,PA9 .C5,Classica et mediaevalia.,v.25(1964),Item in place,0123500549845,39097014540109,,
993722230101921,0pa 9 c5,Main Library,Stacks,PA9 .C5,Classica et mediaevalia.,v.26(1965),Item in place,0123500549852,39097014540117,,
993722230101921,0pa 9 c5,Main Library,Stacks,PA9 .C5,Classica et mediaevalia.,v.27(1966),Item in place,0123500549860,39097014540125,,
993722230101921,0pa 9 c5,Main Library,Stacks,PA9 .C5,Classica et mediaevalia.,v.28(1967),Item in place,0123500549878,39097014540133,,
993722230101921,0pa 9 c5,Main Library,Stacks,PA9 .C5,Classica et mediaevalia.,v.29(1968),Item in place,0123500549886,39097014540141,,
993722230101921,0pa 9 c5,Main Library,Stacks,PA9 .C5,Classica et mediaevalia.,v.3-4(1940-1941),Item in place,0123500549720,39097014540158,,
993722230101921,0pa 9 c5,Main Library,Stacks,PA9 .C5,Classica et mediaevalia.,v.30(1969),Item in place,0123500549894,39097014540166,,
993722230101921,0pa 9 c5,Main Library,Stacks,PA9 .C5,Classica et mediaevalia.,v.31(1970),Item in place,0123500549902,39097014540174,,
993722230101921,0pa 9 c5,Main Library,Stacks,PA9 .C5,Classica et mediaevalia.,v.32(1971-1980),Item in place,0123500549910,39097014540182,,
993722230101921,0pa 9 c5,Main Library,Stacks,PA9 .C5,Classica et mediaevalia.,v.34(1983),Item in place,0123500549928,39097014540190,,
993722230101921,0pa 9 c5,Main Library,Stacks,PA9 .C5,Classica et mediaevalia.,v.35(1984),Item in place,0123500549936,39097014540208,,
993722230101921,0pa 9 c5,Main Library,Stacks,PA9 .C5,Classica et mediaevalia.,v.36(1985),Item in place,0123500549944,39097014540216,,
993722230101921,0pa 9 c5,Main Library,Stacks,PA9 .C5,Classica et mediaevalia.,v.37(1986),Item in place,0123500549951,39097014540224,,
993722230101921,0pa 9 c5,Main Library,Stacks,PA9 .C5,Classica et mediaevalia.,v.38(1987),Item in place,0123500549969,39097014540232,,
993722230101921,0pa 9 c5,Main Library,Stacks,PA9 .C5,Classica et mediaevalia.,v.39(1988),Item in place,0123500549977,39097014540240,,
993722230101921,0pa 9 c5,Main Library,Stacks,PA9 .C5,Classica et mediaevalia.,v.40(1989),Item in place,0123500549985,39097014540257,,
993722230101921,0pa 9 c5,Main Library,Stacks,PA9 .C5,Classica et mediaevalia.,v.41(1990),Item in place,0123500549993,39097014540265,,
993722230101921,0pa 9 c5,Main Library,Stacks,PA9 .C5,Classica et mediaevalia.,v.5-6(1942-1944),Item in place,0123500549738,39097014540273,,
993722230101921,0pa 9 c5,Main Library,Stacks,PA9 .C5,Classica et mediaevalia.,v.7-8(1945-1946),Item in place,0123500549746,39097014540281,,
993722230101921,0pa 9 c5,Main Library,Stacks,PA9 .C5,Classica et mediaevalia.,v.9-10(1948-1949),Item in place,0123500549753,39097014540299,,
993682080101921,0pc 2 l4,Main Library,Stacks,PC2 .L4,Les Lettres romanes.,Suppl.(2005),Item in place,B209156,39097012205630,,v.1(1947)-v.70(2016) committed to retain 20160630 20310630 EAST http://eastlibraries.org/retained-materials MWaIB
993682080101921,0pc 2 l4,Main Library,Stacks,PC2 .L4,Les Lettres romanes.,Suppl.(2008),Item in place,B1515739,39097013157756,,v.1(1947)-v.70(2016) committed to retain 20160630 20310630 EAST http://eastlibraries.org/retained-materials MWaIB
993682080101921,0pc 2 l4,Main Library,Stacks,PC2 .L4,Les Lettres romanes.,v.61(2007),Item in place,B769008,39097012910718,,v.1(1947)-v.70(2016) committed to retain 20160630 20310630 EAST http://eastlibraries.org/retained-materials MWaIB
993682080101921,0pc 2 l4,Main Library,Stacks,PC2 .L4,Les Lettres romanes.,v.66:no.1-2(2012:Feb.-May),Item in place,B1450822,39097014540307,,v.1(1947)-v.70(2016) committed to retain 20160630 20310630 EAST http://eastlibraries.org/retained-materials MWaIB
993682080101921,0pc 2 l4,Main Library,Stacks,PC2 .L4,Les Lettres romanes.,v.66:no.3-4(2012:Aug.-Nov.),Item in place,B1450823,39097014540315,,v.1(1947)-v.70(2016) committed to retain 20160630 20310630 EAST http://eastlibraries.org/retained-materials MWaIB
993682080101921,0pc 2 l4,Main Library,Stacks,PC2 .L4,Les Lettres romanes.,v.67:no.1-2(2013:Feb.-May),Item in place,B1450824,39097014540323,,v.1(1947)-v.70(2016) committed to retain 20160630 20310630 EAST http://eastlibraries.org/retained-materials MWaIB
993682080101921,0pc 2 l4,Main Library,Stacks,PC2 .L4,Les Lettres romanes.,v.67:no.3-4(2013:Aug.-Nov.),Item in place,B1450825,39097014540331,,v.1(1947)-v.70(2016) committed to retain 20160630 20310630 EAST http://eastlibraries.org/retained-materials MWaIB
993682080101921,0pc 2 l4,Main Library,Stacks,PC2 .L4,Les Lettres romanes.,v.68:no.1-2(2014),Item in place,B2035201,39097014540349,,v.1(1947)-v.70(2016) committed to retain 20160630 20310630 EAST http://eastlibraries.org/retained-materials MWaIB
993682080101921,0pc 2 l4,Main Library,Stacks,PC2 .L4,Les Lettres romanes.,v.68:no.3-4(2014),Item in place,B2041339,39097014540356,,v.1(1947)-v.70(2016) committed to retain 20160630 20310630 EAST http://eastlibraries.org/retained-materials MWaIB
993682080101921,0pc 2 l4,Main Library,Stacks,PC2 .L4,Les Lettres romanes.,v.69:no.1-2(2015),Item in place,B2043354,39097014540489,,v.1(1947)-v.70(2016) committed to retain 20160630 20310630 EAST http://eastlibraries.org/retained-materials MWaIB
993682080101921,0pc 2 l4,Main Library,Stacks,PC2 .L4,Les Lettres romanes.,v.69:no.3-4(2015),Item in place,B2051001,39097014540364,,v.1(1947)-v.70(2016) committed to retain 20160630 20310630 EAST http://eastlibraries.org/retained-materials MWaIB
993682080101921,0pc 2 l4,Main Library,Stacks,PC2 .L4,Les Lettres romanes.,v.70:no.1-2(2016),Item in place,B2054165,39097014540471,,v.1(1947)-v.70(2016) committed to retain 20160630 20310630 EAST http://eastlibraries.org/retained-materials MWaIB
993682080101921,0pc 2 l4,Main Library,Stacks,PC2 .L4,Les Lettres romanes.,v.70:no.3-4(2016),Item in place,B2061273,39097014540463,,v.1(1947)-v.70(2016) committed to retain 20160630 20310630 EAST http://eastlibraries.org/retained-materials MWaIB
994568170101921,0pf#3003 j3,Main Library,Stacks,PF3003 .J3,Jahrbuch fÃ¼r internationale Germanistik.,v.40:no.1(2008),Item in place,B608898,39097014540612,,v.1(1969)-v.42(2010) committed to retain 20160630 20310630 EAST http://eastlibraries.org/retained-materials MWaIB
994568170101921,0pf#3003 j3,Main Library,Stacks,PF3003 .J3,Jahrbuch fÃ¼r internationale Germanistik.,v.41:no.1(2009),Item in place,B608900,39097014540620,,v.1(1969)-v.42(2010) committed to retain 20160630 20310630 EAST http://eastlibraries.org/retained-materials MWaIB
994568170101921,0pf#3003 j3,Main Library,Stacks,PF3003 .J3,Jahrbuch fÃ¼r internationale Germanistik.,v.41:no.2(2009),Item in place,B608901,39097014540638,,v.1(1969)-v.42(2010) committed to retain 20160630 20310630 EAST http://eastlibraries.org/retained-materials MWaIB
994568170101921,0pf#3003 j3,Main Library,Stacks,PF3003 .J3,Jahrbuch fÃ¼r internationale Germanistik.,v.42:no.1(2010),Item in place,B995258,39097014540646,,v.1(1969)-v.42(2010) committed to retain 20160630 20310630 EAST http://eastlibraries.org/retained-materials MWaIB
994568170101921,0pf#3003 j3,Main Library,Stacks,PF3003 .J3,Jahrbuch fÃ¼r internationale Germanistik.,v.42:no.2(2010),Item in place,B995259,39097014540653,,v.1(1969)-v.42(2010) committed to retain 20160630 20310630 EAST http://eastlibraries.org/retained-materials MWaIB
993722350101921,0pf#3003 w5,Main Library,Stacks,PF3003 .W5,Wirkendes Wort.,v.14(1964),Item in place,0123500552989,39097014540679,,
993722350101921,0pf#3003 w5,Main Library,Stacks,PF3003 .W5,Wirkendes Wort.,v.15(1965),Item in place,0123500552997,39097014540661,this barcode is correct,
993722350101921,0pf#3003 w5,Main Library,Stacks,PF3003 .W5,Wirkendes Wort.,v.16(1966),Item in place,0123500553003,39097014540729,,
993722350101921,0pf#3003 w5,Main Library,Stacks,PF3003 .W5,Wirkendes Wort.,v.17(1967),Item in place,0123500553011,39097014543913,"did not have a barcode, added one 3/29",
993722350101921,0pf#3003 w5,Main Library,Stacks,PF3003 .W5,Wirkendes Wort.,v.18(1968),Item in place,0123500553029,39097014540711,this barcode is correct,
993722350101921,0pf#3003 w5,Main Library,Stacks,PF3003 .W5,Wirkendes Wort.,v.19(1969),Item in place,0123500553037,39097014540703,,
993722350101921,0pf#3003 w5,Main Library,Stacks,PF3003 .W5,Wirkendes Wort.,v.20(1970),Item in place,0123500553045,39097014540695,,
993722350101921,0pf#3003 w5,Main Library,Stacks,PF3003 .W5,Wirkendes Wort.,v.21(1971),Item in place,0123500553052,39097014540687,,
993722350101921,0pf#3003 w5,Main Library,Stacks,PF3003 .W5,Wirkendes Wort.,v.22(1972),Item in place,0123500553060,39097014540844,,
993722350101921,0pf#3003 w5,Main Library,Stacks,PF3003 .W5,Wirkendes Wort.,v.23(1973),Item in place,0123500553078,39097014540836,,
993722350101921,0pf#3003 w5,Main Library,Stacks,PF3003 .W5,Wirkendes Wort.,v.24(1974),Item in place,0123500553086,39097014540828,,
993722350101921,0pf#3003 w5,Main Library,Stacks,PF3003 .W5,Wirkendes Wort.,v.25(1975),Item in place,0123500553094,39097014540810,,
993722350101921,0pf#3003 w5,Main Library,Stacks,PF3003 .W5,Wirkendes Wort.,v.26(1976),Item in place,0123500553102,39097014540802,,
993722350101921,0pf#3003 w5,Main Library,Stacks,PF3003 .W5,Wirkendes Wort.,v.27(1977),Item in place,0123500553110,39097014540794,,
993722350101921,0pf#3003 w5,Main Library,Stacks,PF3003 .W5,Wirkendes Wort.,v.28(1978),Item in place,0123500553128,39097014540786,,
993722350101921,0pf#3003 w5,Main Library,Stacks,PF3003 .W5,Wirkendes Wort.,v.29(1979),Item in place,0123500553136,39097014540455,,
993722350101921,0pf#3003 w5,Main Library,Stacks,PF3003 .W5,Wirkendes Wort.,v.30(1980),Item in place,0123500553144,39097014540448,,
993722350101921,0pf#3003 w5,Main Library,Stacks,PF3003 .W5,Wirkendes Wort.,v.31(1981),Item in place,0123500553151,39097014540430,,
993722350101921,0pf#3003 w5,Main Library,Stacks,PF3003 .W5,Wirkendes Wort.,v.32(1982),Item in place,0123500553169,39097014540422,,
993722350101921,0pf#3003 w5,Main Library,Stacks,PF3003 .W5,Wirkendes Wort.,v.33(1983),Item in place,0123500553177,39097014540414,,
993722350101921,0pf#3003 w5,Main Library,Stacks,PF3003 .W5,Wirkendes Wort.,v.34(1984),Item in place,0123500553185,39097014540406,,
993722350101921,0pf#3003 w5,Main Library,Stacks,PF3003 .W5,Wirkendes Wort.,v.35(1985),Item in place,0123500553193,39097014540398,,
993722350101921,0pf#3003 w5,Main Library,Stacks,PF3003 .W5,Wirkendes Wort.,v.36(1986),Item in place,0123500553201,39097014540380,,
993722350101921,0pf#3003 w5,Main Library,Stacks,PF3003 .W5,Wirkendes Wort.,v.37(1987),Item in place,0123500553219,39097014540372,,
993722350101921,0pf#3003 w5,Main Library,Stacks,PF3003 .W5,Wirkendes Wort.,v.38(1988),Item in place,0123500553227,39097014540497,,
993722350101921,0pf#3003 w5,Main Library,Stacks,PF3003 .W5,Wirkendes Wort.,v.39(1989),Item in place,0123500553235,39097014540505,,
993722350101921,0pf#3003 w5,Main Library,Stacks,PF3003 .W5,Wirkendes Wort.,v.40(1990),Item in place,0123500553243,39097014540513,,
993722350101921,0pf#3003 w5,Main Library,Stacks,PF3003 .W5,Wirkendes Wort.,v.67:no.2(2017:Aug. ),Item in place,B2069911,39097014540521,,
993722350101921,0pf#3003 w5,Main Library,Stacks,PF3003 .W5,Wirkendes Wort.,v.67:no.3(2017:Nov. ),Item in place,B2175162,39097014540539,,
993722350101921,0pf#3003 w5,Main Library,Stacks,PF3003 .W5,Wirkendes Wort.,v.67:no.1(2017:Apr. ),Item in place,B2065126,39097014540778,,
993632870101921,0pn 2 g6,Main Library,Stacks,PN2 .G6,Granta.,no.131(2015:Spr.),Item in place,B2040948,39097014540547,,
993632870101921,0pn 2 g6,Main Library,Stacks,PN2 .G6,Granta.,no.23-26(1988),Item in place,0123500332416,39097014540554,,
993632870101921,0pn 2 g6,Main Library,Stacks,PN2 .G6,Granta.,no.27-29(1989),Item in place,0123500332424,39097014540562,,
993632870101921,0pn 2 g6,Main Library,Stacks,PN2 .G6,Granta.,no.30-32(1990),Item in place,0123500332432,39097014540570,,
993632870101921,0pn 2 g6,Main Library,Stacks,PN2 .G6,Granta.,no.33-34(1990),Item in place,0123500332440,39097014540588,,
993632870101921,0pn 2 g6,Main Library,Stacks,PN2 .G6,Granta.,no.35-38(1991),Item in place,0123500332457,39097014540596,,
993632870101921,0pn 2 g6,Main Library,Stacks,PN2 .G6,Granta.,no.39-42(1992),Item in place,0123500332465,39097014540604,,
998662320101921,"0pn""778 q55 + 0",Main Library,Stacks,+ PN778 .Q55,Quimera.,no.386(2016:Jan.),Item in place,B2053335,39097014540760,,
998662320101921,"0pn""778 q55 + 0",Main Library,Stacks,+ PN778 .Q55,Quimera.,no.387(2016:Feb.),Item in place,B2053386,39097014540752,,
998662320101921,"0pn""778 q55 + 0",Main Library,Stacks,+ PN778 .Q55,Quimera.,no.388(2016:Mar.),Item in place,B2053384,39097014540745,,
998662320101921,"0pn""778 q55 + 0",Main Library,Stacks,+ PN778 .Q55,Quimera.,no.389(2016:Apr.),Item in place,B2053382,39097014540737,,
998662320101921,"0pn""778 q55 + 0",Main Library,Stacks,+ PN778 .Q55,Quimera.,no.390(2016:May),Item in place,B2053380,39097014540851,,
998662320101921,"0pn""778 q55 + 0",Main Library,Stacks,+ PN778 .Q55,Quimera.,no.391(2016:Jun.),Item in place,B2053770,39097014540869,,
998662320101921,"0pn""778 q55 + 0",Main Library,Stacks,+ PN778 .Q55,Quimera.,no.392-393 (2016:Jul.-Aug. ),Item in place,B2054284,39097014540877,,
998662320101921,"0pn""778 q55 + 0",Main Library,Stacks,+ PN778 .Q55,Quimera.,no.394(2016:Sept.),Item in place,B2056750,39097014540885,,
998662320101921,"0pn""778 q55 + 0",Main Library,Stacks,+ PN778 .Q55,Quimera.,no.395(2016:Oct. ),Item in place,B2057649,39097014540893,,
998662320101921,"0pn""778 q55 + 0",Main Library,Stacks,+ PN778 .Q55,Quimera.,no.396(2016:Nov.),Item in place,B2059294,39097014540901,,
998662320101921,"0pn""778 q55 + 0",Main Library,Stacks,+ PN778 .Q55,Quimera.,no.397(2016:Dec.),Item in place,B2060336,39097014540919,,
993712500101921,"0pn""851 y4",Main Library,Stacks,PN851 .Y4,Yearbook of comparative and general literature.,v.1(1952),Item in place,0123500526652,39097014540968,,
993712500101921,"0pn""851 y4",Main Library,Stacks,PN851 .Y4,Yearbook of comparative and general literature.,v.10(1961),Item in place,0123500526744,39097014540950,,
993712500101921,"0pn""851 y4",Main Library,Stacks,PN851 .Y4,Yearbook of comparative and general literature.,v.11(1962),Item in place,0123500526751,39097014540943,,
993712500101921,"0pn""851 y4",Main Library,Stacks,PN851 .Y4,Yearbook of comparative and general literature.,v.12(1963),Item in place,0123500526769,39097014540935,,
993712500101921,"0pn""851 y4",Main Library,Stacks,PN851 .Y4,Yearbook of comparative and general literature.,v.13(1964),Item in place,0123500526777,39097014540927,,
993712500101921,"0pn""851 y4",Main Library,Stacks,PN851 .Y4,Yearbook of comparative and general literature.,v.14(1965),Item in place,0123500526785,39097014541081,,
993712500101921,"0pn""851 y4",Main Library,Stacks,PN851 .Y4,Yearbook of comparative and general literature.,v.15(1966),Item in place,0123500526793,39097014541073,,
993712500101921,"0pn""851 y4",Main Library,Stacks,PN851 .Y4,Yearbook of comparative and general literature.,v.16(1967),Item in place,0123500526801,39097014541065,,
993712500101921,"0pn""851 y4",Main Library,Stacks,PN851 .Y4,Yearbook of comparative and general literature.,v.17(1968),Item in place,0123500526819,39097014541057,,
993712500101921,"0pn""851 y4",Main Library,Stacks,PN851 .Y4,Yearbook of comparative and general literature.,v.18(1969),Item in place,0123500526827,39097014541040,,
993712500101921,"0pn""851 y4",Main Library,Stacks,PN851 .Y4,Yearbook of comparative and general literature.,v.19(1970),Item in place,0123500526835,39097014541032,,
993712500101921,"0pn""851 y4",Main Library,Stacks,PN851 .Y4,Yearbook of comparative and general literature.,v.20(1971),Item in place,0123500526843,39097014541024,,
993712500101921,"0pn""851 y4",Main Library,Stacks,PN851 .Y4,Yearbook of comparative and general literature.,v.21(1972),Item in place,0123500526850,39097014541016,,
993712500101921,"0pn""851 y4",Main Library,Stacks,PN851 .Y4,Yearbook of comparative and general literature.,v.22(1973),Item in place,0123500526868,39097014541008,,
993712500101921,"0pn""851 y4",Main Library,Stacks,PN851 .Y4,Yearbook of comparative and general literature.,v.23(1974),Item in place,0123500526876,39097014540992,,
993712500101921,"0pn""851 y4",Main Library,Stacks,PN851 .Y4,Yearbook of comparative and general literature.,v.24(1975),Item in place,0123500526884,39097014540984,,
993712500101921,"0pn""851 y4",Main Library,Stacks,PN851 .Y4,Yearbook of comparative and general literature.,v.25(1976),Item in place,0123500526892,39097014540976,,
993712500101921,"0pn""851 y4",Main Library,Stacks,PN851 .Y4,Yearbook of comparative and general literature.,v.26(1977),Item in place,0123500526900,39097014541206,,
993712500101921,"0pn""851 y4",Main Library,Stacks,PN851 .Y4,Yearbook of comparative and general literature.,v.27(1978),Item in place,0123500526918,39097014541198,,
993712500101921,"0pn""851 y4",Main Library,Stacks,PN851 .Y4,Yearbook of comparative and general literature.,v.28(1979),Item in place,0123500526926,39097014541180,,
993712500101921,"0pn""851 y4",Main Library,Stacks,PN851 .Y4,Yearbook of comparative and general literature.,v.29(1980),Item in place,0123500526934,39097014541172,,
993712500101921,"0pn""851 y4",Main Library,Stacks,PN851 .Y4,Yearbook of comparative and general literature.,v.30(1981),Item in place,0123500526942,39097014541164,,
993712500101921,"0pn""851 y4",Main Library,Stacks,PN851 .Y4,Yearbook of comparative and general literature.,v.31(1982),Item in place,0123500526959,39097014541156,,
993712500101921,"0pn""851 y4",Main Library,Stacks,PN851 .Y4,Yearbook of comparative and general literature.,v.32(1983),Item in place,0123500526967,39097014541149,,
993712500101921,"0pn""851 y4",Main Library,Stacks,PN851 .Y4,Yearbook of comparative and general literature.,v.33(1984),Item in place,0123500526975,39097014541131,,
993712500101921,"0pn""851 y4",Main Library,Stacks,PN851 .Y4,Yearbook of comparative and general literature.,v.34(1985),Item in place,0123500526983,39097014541123,,
993712500101921,"0pn""851 y4",Main Library,Stacks,PN851 .Y4,Yearbook of comparative and general literature.,v.35(1986),Item in place,0123500526991,39097014541115,,
993712500101921,"0pn""851 y4",Main Library,Stacks,PN851 .Y4,Yearbook of comparative and general literature.,v.36(1987),Item in place,0123500527007,39097014541107,,
993712500101921,"0pn""851 y4",Main Library,Stacks,PN851 .Y4,Yearbook of comparative and general literature.,v.37(1988),Item in place,0123500527015,39097014541099,,
993712500101921,"0pn""851 y4",Main Library,Stacks,PN851 .Y4,Yearbook of comparative and general literature.,v.38(1989),Item in place,0123500527023,39097014541321,,
993712500101921,"0pn""851 y4",Main Library,Stacks,PN851 .Y4,Yearbook of comparative and general literature.,v.4(1955),Item in place,0123500526686,39097014541446,,
993712500101921,"0pn""851 y4",Main Library,Stacks,PN851 .Y4,Yearbook of comparative and general literature.,v.5(1956),Item in place,0123500526694,39097014541560,,
993712500101921,"0pn""851 y4",Main Library,Stacks,PN851 .Y4,Yearbook of comparative and general literature.,v.6(1957),Item in place,0123500526702,39097014541313,,
993712500101921,"0pn""851 y4",Main Library,Stacks,PN851 .Y4,Yearbook of comparative and general literature.,v.7(1958),Item in place,0123500526710,39097014541305,,
993712500101921,"0pn""851 y4",Main Library,Stacks,PN851 .Y4,Yearbook of comparative and general literature.,v.8(1959),Item in place,0123500526728,39097014541297,,
993712500101921,"0pn""851 y4",Main Library,Stacks,PN851 .Y4,Yearbook of comparative and general literature.,v.9(1960),Item in place,0123500526736,39097014541289,,
993680190101921,0pq 5 f7,Main Library,Stacks,PQ5 .F7,Studi francesi,v.60:no.178(2016),Item in place,B2054508,39097014541263,,
994233550101921,0pq#4001 a6,Main Library,Stacks,PQ4001 .A6,Annali d'italianistica.,v.19(2001),Item in place,423355-190,39097011046779,,
994233550101921,0pq#4001 a6,Main Library,Stacks,PQ4001 .A6,Annali d'italianistica.,v.20(2002),Item in place,423355-200,39097011083327,,
994233550101921,0pq#4001 a6,Main Library,Stacks,PQ4001 .A6,Annali d'italianistica.,v.21(2003),Item in place,423355-210,39097011844728,,
994233550101921,0pq#4001 a6,Main Library,Stacks,PQ4001 .A6,Annali d'italianistica.,v.22(2004),Item in place,423355-220,39097011863918,,
994233550101921,0pq#4001 a6,Main Library,Stacks,PQ4001 .A6,Annali d'italianistica.,v.23(2005),Item in place,B134302,39097012041415,,
994233550101921,0pq#4001 a6,Main Library,Stacks,PQ4001 .A6,Annali d'italianistica.,v.24(2006),Item in place,B174071,39097012126497,,
994233550101921,0pq#4001 a6,Main Library,Stacks,PQ4001 .A6,Annali d'italianistica.,v.25(2007),Item in place,B209829,39097012649472,,
994233550101921,0pq#4001 a6,Main Library,Stacks,PQ4001 .A6,Annali d'italianistica.,v.26(2008),Item in place,B531264,39097013386389,,
994233550101921,0pq#4001 a6,Main Library,Stacks,PQ4001 .A6,Annali d'italianistica.,v.27(2009),Item in place,B989330,39097013418901,,
994233550101921,0pq#4001 a6,Main Library,Stacks,PQ4001 .A6,Annali d'italianistica.,v.28(2010),Item in place,B1128641,39097012944170,,
994233550101921,0pq#4001 a6,Main Library,Stacks,PQ4001 .A6,Annali d'italianistica.,v.29(2011),Item in place,B1312440,39097013151403,,
994233550101921,0pq#4001 a6,Main Library,Stacks,PQ4001 .A6,Annali d'italianistica.,v.30(2012),Item in place,B1450774,39097013301271,,
994233550101921,0pq#4001 a6,Main Library,Stacks,PQ4001 .A6,Annali d'italianistica.,v.31(2013),Item in place,B2036961,39097013792248,,
994233550101921,0pq#4001 a6,Main Library,Stacks,PQ4001 .A6,Annali d'italianistica.,v.32(2014),Item in place,B2036963,39097013534327,,
994233550101921,0pq#4001 a6,Main Library,Stacks,PQ4001 .A6,Annali d'italianistica.,v.36(2018),Item in place,B2184440,39097014446182,,
99305850101921,0pq#4001 c75,Main Library,Stacks,PQ4001 .C75,Critica letteraria.,Index: 1973-1982,Item in place,0123500014980,39097014541685,,
99305850101921,0pq#4001 c75,Main Library,Stacks,PQ4001 .C75,Critica letteraria.,v.10(1982),Item in place,0123500014972,39097014541800,,
99305850101921,0pq#4001 c75,Main Library,Stacks,PQ4001 .C75,Critica letteraria.,v.11(1983),Item in place,0123500014998,39097014541438,,
99305850101921,0pq#4001 c75,Main Library,Stacks,PQ4001 .C75,Critica letteraria.,v.12(1984),Item in place,0123500015003,39097014541420,,
99305850101921,0pq#4001 c75,Main Library,Stacks,PQ4001 .C75,Critica letteraria.,v.13(1985),Item in place,0123500015011,39097014541412,,
99305850101921,0pq#4001 c75,Main Library,Stacks,PQ4001 .C75,Critica letteraria.,v.14(1986),Item in place,0123500015029,39097014541404,,
99305850101921,0pq#4001 c75,Main Library,Stacks,PQ4001 .C75,Critica letteraria.,v.15(1987),Item in place,0123500015037,39097014541396,,
99305850101921,0pq#4001 c75,Main Library,Stacks,PQ4001 .C75,Critica letteraria.,v.16(1988),Item in place,0123500015045,39097014541388,,
99305850101921,0pq#4001 c75,Main Library,Stacks,PQ4001 .C75,Critica letteraria.,v.17(1989),Item in place,0123500015052,39097014541370,,
99305850101921,0pq#4001 c75,Main Library,Stacks,PQ4001 .C75,Critica letteraria.,v.19(1991),Item in place,0123500015060,39097014541255,,
998651420101921,0pq#4001 r3,Main Library,Stacks,PQ4001 .R3,La Rassegna della letteratura italiana.,v.116:no.1(2012:Jan.-June),Item in place,B1415551,39097014541347,,
998651420101921,0pq#4001 r3,Main Library,Stacks,PQ4001 .R3,La Rassegna della letteratura italiana.,v.119:no.1(2015:Jan.-June),Item in place,B2045443,39097014541222,,
99899560101921,0pq#6001 b8,Main Library,Stacks,PQ6001 .B8,Bulletin hispanique.,v.120:no.1(2018:June),Item in place,B2179900,39097014541552,,
99899560101921,0pq#6001 b8,Main Library,Stacks,PQ6001 .B8,Bulletin hispanique.,v.120:no.2(2018:Dec.),Item in place,B2184259,39097014541578,,
99899560101921,0pq#6001 b8,Main Library,Stacks,PQ6001 .B8,Bulletin hispanique.,v.81(1979),Item in place,0123500061759,39097000934282,,
99899560101921,0pq#6001 b8,Main Library,Stacks,PQ6001 .B8,Bulletin hispanique.,v.82(1980),Item in place,0123500061767,39097014541339,,
99899560101921,0pq#6001 b8,Main Library,Stacks,PQ6001 .B8,Bulletin hispanique.,v.83(1981),Item in place,0123500061775,39097014541453,,
99899560101921,0pq#6001 b8,Main Library,Stacks,PQ6001 .B8,Bulletin hispanique.,v.84(1982),Item in place,0123500061783,39097014541461,,
99899560101921,0pq#6001 b8,Main Library,Stacks,PQ6001 .B8,Bulletin hispanique.,v.85(1983),Item in place,0123500061791,39097014541479,,
99899560101921,0pq#6001 b8,Main Library,Stacks,PQ6001 .B8,Bulletin hispanique.,v.86(1984),Item in place,0123500061809,39097014541487,,
99899560101921,0pq#6001 b8,Main Library,Stacks,PQ6001 .B8,Bulletin hispanique.,v.87(1985),Item in place,0123500061817,39097014541495,,
99899560101921,0pq#6001 b8,Main Library,Stacks,PQ6001 .B8,Bulletin hispanique.,v.88(1986),Item in place,0123500061825,39097014541503,,
99899560101921,0pq#6001 b8,Main Library,Stacks,PQ6001 .B8,Bulletin hispanique.,v.89(1987),Item in place,0123500061833,39097014541511,,
99899560101921,0pq#6001 b8,Main Library,Stacks,PQ6001 .B8,Bulletin hispanique.,v.90(1988),Item in place,0123500061841,39097014541529,,
99899560101921,0pq#6001 b8,Main Library,Stacks,PQ6001 .B8,Bulletin hispanique.,v.91(1989),Item in place,0123500061858,39097014541537,,
99899560101921,0pq#6001 b8,Main Library,Stacks,PQ6001 .B8,Bulletin hispanique.,v.92-93:no.2(1990-1991:July-Dec.),Item in place,0123500061866,39097014541545,,
995812900101921,0pq#6055 l48,Main Library,Stacks,PQ6055 .L48,Letras femeninas.,v.32:no.2(2006:Win.),Item in place,B236586,39097014541594,,
9923428494101920,"0ps""508 h65 p55",Main Library,Stacks,PS508.H65 P55,The pilgrim.,no.40(2016:Aug.),Item in place,B2056612,39097014541610,,
9923428494101920,"0ps""508 h65 p55",Main Library,Stacks,PS508.H65 P55,The pilgrim.,v.4:no.8(2015:Dec.),Item in place,B20160210,39097014541644,,
9923428494101920,"0ps""508 h65 p55",Main Library,Stacks,PS508.H65 P55,The pilgrim.,v.5:no.1(2016:Feb.),Item in place,B2049788,39097014541636,,
9923428494101920,"0ps""508 h65 p55",Main Library,Stacks,PS508.H65 P55,The pilgrim.,v.5:no.2(2016:Apr.),Item in place,B2052642,39097014541628,,
993461890101921,"0pt""401 e94",Main Library,Stacks,PT401 .E94,"Exil : Forschung, Erkenntnisse, Ergebnisse.",(1984),Item in place,0123500173745,39097014541677,,
993461890101921,"0pt""401 e94",Main Library,Stacks,PT401 .E94,z,v.11:no.1(1991),Item in place,B2019012,39097014541792,,
993461890101921,"0pt""401 e94",Main Library,Stacks,PT401 .E94,"Exil : Forschung, Erkenntnisse, Ergebnisse.",v.33:no.1(2013),Item in place,B2036303,39097014541669,,
993461890101921,"0pt""401 e94",Main Library,Stacks,PT401 .E94,"Exil : Forschung, Erkenntnisse, Ergebnisse.",v.5(1985),Item in place,0123500173752,39097014541784,,
993461890101921,"0pt""401 e94",Main Library,Stacks,PT401 .E94,"Exil : Forschung, Erkenntnisse, Ergebnisse.",v.6(1986),Item in place,0123500173760,39097014541651,,
993461890101921,"0pt""401 e94",Main Library,Stacks,PT401 .E94,"Exil : Forschung, Erkenntnisse, Ergebnisse.",v.7(1987),Item in place,0123500173778,39097014541776,,
993461890101921,"0pt""401 e94",Main Library,Stacks,PT401 .E94,"Exil : Forschung, Erkenntnisse, Ergebnisse.",v.8-9(1988-1989),Item in place,0123500173786,39097014541768,,
993757290101921,0qa 3 s93,Main Library,Stacks,QA3 .S93,Proceedings of symposia in pure mathematics.,v.66:pt.1,Item in place,0123500528245,39097010208727,,
993757290101921,0qa 3 s93,Main Library,Stacks,QA3 .S93,Proceedings of symposia in pure mathematics.,v.71,Item in place,375729-990,39097011194108,,
993757290101921,0qa 3 s93,Main Library,Stacks,QA3 .S93,Proceedings of symposia in pure mathematics.,v.75,Item in place,B2031606,39097012130507,,
993757290101921,0qa 3 s93,Main Library,Stacks,QA3 .S93,Proceedings of symposia in pure mathematics.,v.76:pt.1,Item in place,B207078,39097012129293,,
993757290101921,0qa 3 s93,Main Library,Stacks,QA3 .S93,Proceedings of symposia in pure mathematics.,v.76:pt.2,Item in place,B228455,39097012129343,,
993757290101921,0qa 3 s93,Main Library,Stacks,QA3 .S93,Proceedings of symposia in pure mathematics.,v.78,Item in place,B657317,39097012773215,,
993757290101921,0qa 3 s93,Main Library,Stacks,QA3 .S93,Proceedings of symposia in pure mathematics.,v.79,Item in place,B658072,39097013377701,,
993757290101921,0qa 3 s93,Main Library,Stacks,QA3 .S93,Proceedings of symposia in pure mathematics.,v.80:pt.1,Item in place,B680238,39097013389110,,
993757290101921,0qa 3 s93,Main Library,Stacks,QA3 .S93,Proceedings of symposia in pure mathematics.,v.80:pt.2,Item in place,B680239,39097013389102,,
993757290101921,0qa 3 s93,Main Library,Stacks,QA3 .S93,Proceedings of symposia in pure mathematics.,v.82,Item in place,B1311849,39097013194742,,
993757290101921,0qa 3 s93,Main Library,Stacks,QA3 .S93,Proceedings of symposia in pure mathematics.,v.83,Item in place,B1362070,39097013194700,,
993757290101921,0qa 3 s93,Main Library,Stacks,QA3 .S93,Proceedings of symposia in pure mathematics.,v.84,Item in place,B1448878,39097013305173,,
993757290101921,0qa 3 s93,Main Library,Stacks,QA3 .S93,Proceedings of symposia in pure mathematics.,v.87,Item in place,B2036810,39097013699518,,
993757290101921,0qa 3 s93,Main Library,Stacks,QA3 .S93,Proceedings of symposia in pure mathematics.,v.88,Item in place,B2036811,39097013533840,,
993757290101921,0qa 3 s93,Main Library,Stacks,QA3 .S93,Proceedings of symposia in pure mathematics.,v.90,Item in place,B2064095,39097013494654,,
993757290101921,0qa 3 s93,Main Library,Stacks,QA3 .S93,Proceedings of symposia in pure mathematics.,v.91,Item in place,B2052983,39097013449146,,
993757290101921,0qa 3 s93,Main Library,Stacks,QA3 .S93,Proceedings of symposia in pure mathematics.,v.95,Item in place,B2172711,39097009910838,,
993757290101921,0qa 3 s93,Main Library,Stacks,QA3 .S93,Proceedings of symposia in pure mathematics.,v.96,Item in place,B2179175,39097013600847,,
993757290101921,0qa 3 s93,Main Library,Stacks,QA3 .S93,Proceedings of symposia in pure mathematics.,v.97:pt.1,Item in place,B2179176,39097014421862,,
993757290101921,0qa 3 s93,Main Library,Stacks,QA3 .S93,Proceedings of symposia in pure mathematics.,v.97:pt.2,Item in place,B2179177,39097014422340,,
99998520101921,"0qh""301 c6 + 0",Main Library,Stacks,+ QH301 .C6,Cold Spring Harbor symposia on quantitative biology : [proceedings].,v.63(1998),Item in place,B657113,39097010200906,,
99998520101921,"0qh""301 c6 + 0",Main Library,Stacks,+ QH301 .C6,Cold Spring Harbor symposia on quantitative biology : [proceedings].,v.64(1999),Item in place,B657114,39097010894005,,
99998520101921,"0qh""301 c6 + 0",Main Library,Stacks,+ QH301 .C6,Cold Spring Harbor symposia on quantitative biology : [proceedings].,v.65(2000),Item in place,B657111,39097010307412,,
99998520101921,"0qh""301 c6 + 0",Main Library,Stacks,+ QH301 .C6,Cold Spring Harbor symposia on quantitative biology : [proceedings].,v.67(2002),Item in place,B657112,39097011108041,,
99998520101921,"0qh""301 c6 + 0",Main Library,Stacks,+ QH301 .C6,Cold Spring Harbor symposia on quantitative biology : [proceedings].,v.68(2003),Item in place,B657117,39097011822260,,
99998520101921,"0qh""301 c6 + 0",Main Library,Stacks,+ QH301 .C6,Cold Spring Harbor symposia on quantitative biology : [proceedings].,v.69(2004),Item in place,B657115,39097011827046,,
99998520101921,"0qh""301 c6 + 0",Main Library,Stacks,+ QH301 .C6,Cold Spring Harbor symposia on quantitative biology : [proceedings].,v.70(2005),Item in place,B657116,39097011832459,,
99998520101921,"0qh""301 c6 + 0",Main Library,Stacks,+ QH301 .C6,Cold Spring Harbor symposia on quantitative biology : [proceedings].,v.71(2006),Item in place,B657109,39097012514718,,
99998520101921,"0qh""301 c6 + 0",Main Library,Stacks,+ QH301 .C6,Cold Spring Harbor symposia on quantitative biology : [proceedings].,v.72(2007),Item in place,B657110,39097012524345,,
99998520101921,"0qh""301 c6 + 0",Main Library,Stacks,+ QH301 .C6,Cold Spring Harbor symposia on quantitative biology : [proceedings].,v.73(2008),Item in place,B743970,39097013396446,,
99998520101921,"0qh""301 c6 + 0",Main Library,Stacks,+ QH301 .C6,Cold Spring Harbor symposia on quantitative biology : [proceedings].,v.74(2009),Item in place,B1086126,39097012207297,,
99998520101921,"0qh""301 c6 + 0",Main Library,Stacks,+ QH301 .C6,Cold Spring Harbor symposia on quantitative biology : [proceedings].,v.75(2010),Item in place,B1286244,39097013466199,,
99998520101921,"0qh""301 c6 + 0",Main Library,Stacks,+ QH301 .C6,Cold Spring Harbor symposia on quantitative biology : [proceedings].,v.76(2011),Item in place,B1429243,39097013306924,,
99998520101921,"0qh""301 c6 + 0",Main Library,Stacks,+ QH301 .C6,Cold Spring Harbor symposia on quantitative biology : [proceedings].,v.79(2014),Item in place,B2063616,39097013437703,,
99998520101921,"0qh""301 c6 + 0",Main Library,Stacks,+ QH301 .C6,Cold Spring Harbor symposia on quantitative biology : [proceedings].,v.80(2015),Item in place,B2055406,39097013505194,,
99998520101921,"0qh""301 c6 + 0",Main Library,Stacks,+ QH301 .C6,Cold Spring Harbor symposia on quantitative biology : [proceedings].,v.81(2016),Item in place,B2068420,39097009911638,,
996227750101921,0r!97.7 h4 k6,Main Library,Stacks,R97.7.H4 K6,á¸²orot.,v.18(2006),Item in place,B577457,39097012520392,,
996227750101921,0r!97.7 h4 k6,Main Library,Stacks,R97.7.H4 K6,á¸²orot.,v.20(2009-2010),Item in place,B754790,39097013156956,,
996227750101921,0r!97.7 h4 k6,Main Library,Stacks,R97.7.H4 K6,á¸²orot.,v.5(1969-1972),Item in place,B52851,39097014541701,,
996227750101921,0r!97.7 h4 k6,Main Library,Stacks,R97.7.H4 K6,á¸²orot.,v.6:no.7-12(1974-1975),Item in place,B52852,39097014541719,,
996227750101921,0r!97.7 h4 k6,Main Library,Stacks,R97.7.H4 K6,á¸²orot.,v.7:no.1-6(1976-1977),Item in place,B52853,39097014541727,,
996227750101921,0r!97.7 h4 k6,Main Library,Stacks,R97.7.H4 K6,á¸²orot.,v.7:no.7-12(1978-1980),Item in place,B52854,39097014541735,,
996227750101921,0r!97.7 h4 k6,Main Library,Stacks,R97.7.H4 K6,á¸²orot.,v.8:no.1-6(1981-1982),Item in place,B52855,39097014541743,,
996227750101921,0r!97.7 h4 k6,Main Library,Stacks,R97.7.H4 K6,á¸²orot.,v.8:no.7-12(1983-1985),Item in place,B52856,39097014541750,,
996227750101921,0r!97.7 h4 k6,Main Library,Stacks,R97.7.H4 K6,á¸²orot.,v.9:no.1-2(1985),Item in place,B52857,39097014548417,,
996227750101921,0r!97.7 h4 k6,Main Library,Stacks,R97.7.H4 K6,á¸²orot.,v.9:no.3-6(1986-1987),Item in place,B52858,39097014548425,,
996227750101921,0r!97.7 h4 k6,Main Library,Stacks,R97.7.H4 K6,á¸²orot.,v.9:suppl.(1988),Item in place,                                                                                                                                                                                                                                                                                                                                                                                                                                                                                                                                                                                                                                                                                                                                                 ,39097006466131,,
991636140101921,"0ra""418 r47",Main Library,Stacks,RA418 .R47,Research in the sociology of health care.,v.17(2000),Item in place,163614-180,39097010559871,,v.1(1980)-v.20(2002) committed to retain 20160630 20310630 EAST http://eastlibraries.org/retained-materials MWaIB
991636140101921,"0ra""418 r47",Main Library,Stacks,RA418 .R47,Research in the sociology of health care.,v.18(2000),Item in place,163614-190,39097010722750,,v.1(1980)-v.20(2002) committed to retain 20160630 20310630 EAST http://eastlibraries.org/retained-materials MWaIB
991636140101921,"0ra""418 r47",Main Library,Stacks,RA418 .R47,Research in the sociology of health care.,v.19(2001),Item in place,163614-200,39097011403806,,v.1(1980)-v.20(2002) committed to retain 20160630 20310630 EAST http://eastlibraries.org/retained-materials MWaIB
991636140101921,"0ra""418 r47",Main Library,Stacks,RA418 .R47,Research in the sociology of health care.,v.20(2002),Item in place,163614-210,39097011563401,,v.1(1980)-v.20(2002) committed to retain 20160630 20310630 EAST http://eastlibraries.org/retained-materials MWaIB
99707470101921,"0ra""790 a1 r48",Main Library,Stacks,RA790.A1 R48,Research in community and mental health.,v.11(2000),Item in place,70747-110,39097010679778,,v.1(1979)-v.12(2003) committed to retain 20160630 20310630 EAST http://eastlibraries.org/retained-materials MWaIB
99707470101921,"0ra""790 a1 r48",Main Library,Stacks,RA790.A1 R48,Research in community and mental health.,v.12(2003),Item in place,70747-130,39097011435519,,v.1(1979)-v.12(2003) committed to retain 20160630 20310630 EAST http://eastlibraries.org/retained-materials MWaIB
9923244289101920,0rd 1 a7,Main Library,Stacks,RD1 .A7,Military medicine.,v.180:no.1(2015:Jan..),Item in place,B2039143,39097014548433,,
9923244289101920,0rd 1 a7,Main Library,Stacks,RD1 .A7,Military medicine.,v.180:no.10(2015:Oct.),Item in place,B2045685,39097014548441,,
9923244289101920,0rd 1 a7,Main Library,Stacks,RD1 .A7,Military medicine.,v.180:no.10(2015:Oct.)Special Issue,Item in place,B2045687,39097014548458,,
9923244289101920,0rd 1 a7,Main Library,Stacks,RD1 .A7,Military medicine.,v.180:no.11(2015:Nov.),Item in place,B2047006,39097014548466,,
9923244289101920,0rd 1 a7,Main Library,Stacks,RD1 .A7,Military medicine.,v.180:no.12(2015:Dec.),Item in place,B2047647,39097014548474,,
9923244289101920,0rd 1 a7,Main Library,Stacks,RD1 .A7,Military medicine.,v.180:no.2(2015:Feb.),Item in place,B2038692,39097014548482,,
9923244289101920,0rd 1 a7,Main Library,Stacks,RD1 .A7,Military medicine.,v.180:no.3(2015:Mar.),Item in place,B2039527,39097014548490,,
9923244289101920,0rd 1 a7,Main Library,Stacks,RD1 .A7,Military medicine.,v.180:no.3(2015:Mar.)(Special Issue),Item in place,B2039529,39097014548508,,
9923244289101920,0rd 1 a7,Main Library,Stacks,RD1 .A7,Military medicine.,v.180:no.4(2015:Apr.),Item in place,B2040676,39097014548516,,
9923244289101920,0rd 1 a7,Main Library,Stacks,RD1 .A7,Military medicine.,v.180:no.4(2015:Apr.)(Special Issue),Item in place,B2040674,39097014548524,,
9923244289101920,0rd 1 a7,Main Library,Stacks,RD1 .A7,Military medicine.,v.180:no.9(2015:Sept.),Item in place,B2045029,39097014548532,,
9923244289101920,0rd 1 a7,Main Library,Stacks,RD1 .A7,Military medicine.,v.181:no.1(2016:Jan.),Item in place,B2049004,39097014548540,,
9923244289101920,0rd 1 a7,Main Library,Stacks,RD1 .A7,Military medicine.,v.181:no.1(2016:Jan.)(Special Issue),Item in place,B2049006,39097014548557,,
9923244289101920,0rd 1 a7,Main Library,Stacks,RD1 .A7,Military medicine.,v.181:no.10(2016:Oct.),Item in place,B2057964,39097014548565,,
9923244289101920,0rd 1 a7,Main Library,Stacks,RD1 .A7,Military medicine.,v.181:no.11-12(2016:Nov.-Dec. ),Item in place,B2059557,39097014548573,,
9923244289101920,0rd 1 a7,Main Library,Stacks,RD1 .A7,Military medicine.,v.181:no.11-12(2016:Nov.-Dec.) (Special Issue),Item in place,B2059559,39097014548581,,
9923244289101920,0rd 1 a7,Main Library,Stacks,RD1 .A7,Military medicine.,v.181:no.2(2016:Feb.),Item in place,B2049964,39097014548599,,
9923244289101920,0rd 1 a7,Main Library,Stacks,RD1 .A7,Military medicine.,v.181:no.2(2016:Feb.)(Special Issue),Item in place,B2049962,39097014548607,,
9923244289101920,0rd 1 a7,Main Library,Stacks,RD1 .A7,Military medicine.,v.181:no.3(2016:Mar.),Item in place,B2050525,39097014548615,,
9923244289101920,0rd 1 a7,Main Library,Stacks,RD1 .A7,Military medicine.,v.181:no.4(2016:Apr.),Item in place,B2052125,39097014548623,,
9923244289101920,0rd 1 a7,Main Library,Stacks,RD1 .A7,Military medicine.,v.181:no.5(2016:May),Item in place,B2052972,39097014548631,,
9923244289101920,0rd 1 a7,Main Library,Stacks,RD1 .A7,Military medicine.,v.181:no.5(2016:May)(Special Issue),Item in place,B2052974,39097014548649,,
9923244289101920,0rd 1 a7,Main Library,Stacks,RD1 .A7,Military medicine.,v.181:no.6 (2016:Jun.),Item in place,B2053708,39097014548656,,
9923244289101920,0rd 1 a7,Main Library,Stacks,RD1 .A7,Military medicine.,v.181:no.7 (2016:Jul.),Item in place,B2054414,39097014548664,,
9923244289101920,0rd 1 a7,Main Library,Stacks,RD1 .A7,Military medicine.,v.181:no.8(2016:Aug.),Item in place,B2055042,39097014548672,,
9923244289101920,0rd 1 a7,Main Library,Stacks,RD1 .A7,Military medicine.,v.181:no.9(2016:Sept.),Item in place,B2056566,39097014548680,,
9923245089301920,0rd!86 o64 j68,Main Library,Stacks,RD86.O64 J68,Journal of opioid management.,v.12:no.1(2016:Jan.-Feb.),Item in place,B20160316,39097014548698,,
9923245089301920,0rd!86 o64 j68,Main Library,Stacks,RD86.O64 J68,Journal of opioid management.,v.12:no.3(2016:May-Jun.),Item in place,B20160817,39097014548706,,
9923245089301920,0rd!86 o64 j68,Main Library,Stacks,RD86.O64 J68,Journal of opioid management.,v.12:no.6(2016:Nov.-Dec. ),Item in place,B20170213,39097014548714,,
9923245089301920,0rd!86 o64 j68,Main Library,Stacks,RD86.O64 J68,Journal of opioid management.,v.13:no.2(2017:Mar.-Apr. ),Item in place,B20170511,39097014548722,,
994495630101921,0tr 1 a62 + 0,Main Library,Stacks,+ TR1 .A62,Aperture.,no.218(2015:Spr.),Item in place,B2039185,39097014548730,,
994495630101921,0tr 1 a62 + 0,Main Library,Stacks,+ TR1 .A62,Aperture.,no.219(2015:Sum.),Item in place,B2041618,39097014548748,,
994495630101921,0tr 1 a62 + 0,Main Library,Stacks,+ TR1 .A62,Aperture.,no.220(2015:Fall),Item in place,B2044147,39097014548755,,
994495630101921,0tr 1 a62 + 0,Main Library,Stacks,+ TR1 .A62,Aperture.,no.221(2015:Win.),Item in place,B2047134,39097014548763,,
994495630101921,0tr 1 a62 + 0,Main Library,Stacks,+ TR1 .A62,Aperture.,no.222(2016:Spr.),Item in place,B2049972,39097014548771,,
994495630101921,0tr 1 a62 + 0,Main Library,Stacks,+ TR1 .A62,Aperture.,no.223(2016:Sum.),Item in place,B2052928,39097014548789,,
994495630101921,0tr 1 a62 + 0,Main Library,Stacks,+ TR1 .A62,Aperture.,no.93(1983:Winter),Item in place,012350139252639097012579190,39097014548920,,
994495630101921,0tr 1 a62 + 0,Main Library,Stacks,+ TR1 .A62,Aperture.,v.224(2016:Fall),Item in place,B2055173,39097014548987,,
99934390101921,0ua!10 i56,Main Library,Stacks,UA10 .I56,SIPRI yearbook : world armaments and disarmament.,1975,Item in place,0123500063466,39097014548995,,
99934390101921,0ua!10 i56,Main Library,Stacks,UA10 .I56,SIPRI yearbook : world armaments and disarmament.,1977,Item in place,0123500063474,39097014549001,,
99934390101921,0ua!10 i56,Main Library,Stacks,UA10 .I56,SIPRI yearbook : world armaments and disarmament.,1978,Item in place,0123500063482,39097014541834,,
99934390101921,0ua!10 i56,Main Library,Stacks,UA10 .I56,SIPRI yearbook : world armaments and disarmament.,1979,Item in place,0123500063490,39097014541842,,
99934390101921,0ua!10 i56,Main Library,Stacks,UA10 .I56,SIPRI yearbook : world armaments and disarmament.,1980,Item in place,0123500063508,39097014541859,,
99934390101921,0ua!10 i56,Main Library,Stacks,UA10 .I56,SIPRI yearbook : world armaments and disarmament.,1981,Item in place,0123500063516,39097014541867,,
99934390101921,0ua!10 i56,Main Library,Stacks,UA10 .I56,SIPRI yearbook : world armaments and disarmament.,1982,Item in place,0123500063532,39097014541875,,
99934390101921,0ua!10 i56,Main Library,Stacks,UA10 .I56,SIPRI yearbook : world armaments and disarmament.,1983,Item in place,0123500063540,39097014541883,,
99934390101921,0ua!10 i56,Main Library,Stacks,UA10 .I56,SIPRI yearbook : world armaments and disarmament.,1984,Item in place,0123500063557,39097014541891,,
99934390101921,0ua!10 i56,Main Library,Stacks,UA10 .I56,SIPRI yearbook : world armaments and disarmament.,1985,Item in place,0123500063565,39097014541909,,
99934390101921,0ua!10 i56,Main Library,Stacks,UA10 .I56,SIPRI yearbook : world armaments and disarmament.,1986,Item in place,0123500063573,39097014541917,,
99934390101921,0ua!10 i56,Main Library,Stacks,UA10 .I56,SIPRI yearbook : world armaments and disarmament.,1987,Item in place,0123500063581,39097014541925,,
99934390101921,0ua!10 i56,Main Library,Stacks,UA10 .I56,SIPRI yearbook : world armaments and disarmament.,1988,Item in place,0123500063599,39097014541933,,
99934390101921,0ua!10 i56,Main Library,Stacks,UA10 .I56,SIPRI yearbook : world armaments and disarmament.,1989,Item in place,0123500063607,39097014541941,,
99934390101921,0ua!10 i56,Main Library,Stacks,UA10 .I56,SIPRI yearbook : world armaments and disarmament.,1990,Item in place,0123500063615,39097014541958,,
99934390101921,0ua!10 i56,Main Library,Stacks,UA10 .I56,SIPRI yearbook : world armaments and disarmament.,1991,Item in place,0123500063623,39097014541966,,
99934390101921,0ua!10 i56,Main Library,Stacks,UA10 .I56,SIPRI yearbook : world armaments and disarmament.,1994,Item in place,0123500063631,39097014541974,,
99934390101921,0ua!10 i56,Main Library,Stacks,UA10 .I56,SIPRI yearbook : world armaments and disarmament.,Index: 1968-1979,Item in place,0123500063524,39097014541982,,
993870960101921,"0z""921 w534 + 0",Main Library,Stacks,+ Z921 .W534,The Wiener Library bulletin.,v. 34 1981,Item not in place,0123500876065,39097014541990,,v.1(1946)-v.34(1981) committed to retain 20160630 20310630 EAST http://eastlibraries.org/retained-materials MWaIB
9924015028901920,0z#2685 a58,Main Library,Stacks,Z2685 .A58,Anthropos : cuadernos de cultura criÌtica y conocimiento.,no.250(2019:Jan-March),Item in place,B2196137,39097014416573,,
